timestamp,high,open,low,close,volume
2024-01-01 09:00:00,100.00151736077812,99.75044869320354,99.26216409747947,99.50089738640708,724
2024-01-01 09:01:00,100.67255068502992,100.32960430439584,100.20682801116494,100.90875991558815,925
2024-01-01 09:02:00,100.78308778364388,100.69028827169815,100.34006886440886,101.05097223900046,452
2024-01-01 09:03:00,100.65507048482345,100.51210035783032,100.09793462486934,100.33391244396249,251
2024-01-01 09:04:00,101.41318225505536,101.17530417548873,100.80007665141277,101.83850799314715,195
2024-01-01 09:05:00,101.34124268190426,101.34038622244286,101.27980829769001,101.50546826939699,830
2024-01-01 09:06:00,101.56870057838752,101.53413845641323,101.47890755012753,101.7278906903836,472
2024-01-01 09:07:00,102.3632619928695,102.2999657023957,101.79010687756472,103.06579294837816,40
2024-01-01 09:08:00,102.58811145118207,102.56516368128271,102.24918624761662,102.83036166016973,875
2024-01-01 09:09:00,103.71571916922619,103.52257815890249,103.2805219103158,104.47999263652227,639
2024-01-01 09:10:00,104.3597002629304,103.87942183771557,103.39331482434493,104.23626551652865,959
2024-01-01 09:11:00,103.35166923700771,103.25916362316336,102.89498569452269,102.63890540861115,366
2024-01-01 09:12:00,102.49685876230598,102.48267856596652,102.26770376876865,101.70619350876969,288
2024-01-01 09:13:00,102.49481784317724,102.13989559995285,102.08583731770354,101.79711263393918,736
2024-01-01 09:14:00,101.60782917997261,101.53770140400104,101.17695666984508,100.93550720804923,582
2024-01-01 09:15:00,100.93884157807179,100.5631656619803,100.25504535370412,99.58862991995957,77
2024-01-01 09:16:00,100.72844059843987,100.48875596727245,100.08584327313173,100.4143462725646,168
2024-01-01 09:17:00,100.77322626712726,100.50219659864197,100.29719856141712,100.51563723001149,765
2024-01-01 09:18:00,100.77536232672453,100.66913129140747,100.57114262392813,100.83606598417296,954
2024-01-01 09:19:00,101.1054069330899,100.84861095752544,100.47733922451943,101.02809062364341,383
2024-01-01 09:20:00,101.6654078160273,101.19426639465009,100.92532482331649,101.53992183177473,109
2024-01-01 09:21:00,101.91541214545677,101.60185228625674,101.34558738464726,102.0094381778634,496
2024-01-01 09:22:00,101.01912895764343,100.64182967205694,100.43001327803961,99.68180705785714,879
2024-01-01 09:23:00,100.14792720533691,99.8621400473915,99.5053773059834,99.08245042272605,761
2024-01-01 09:24:00,99.3531294581365,98.98280573901873,98.74348040898379,98.10347143064595,551
2024-01-01 09:25:00,99.88782598185963,99.43260089300482,99.38956241425399,99.8823960469909,198
2024-01-01 09:26:00,98.74271337615798,98.68961553338009,98.23819907416612,97.94663017375537,465
2024-01-01 09:27:00,99.26519985665836,99.14997239439275,98.82205267213497,99.6103292554054,96
2024-01-01 09:28:00,98.41634960006726,98.16148913487667,97.84969768925785,97.1730058753606,974
2024-01-01 09:29:00,97.82233869920248,97.35262208711178,96.98150389383353,96.54375503934689,915
2024-01-01 09:30:00,97.62350823575474,97.31722821054562,97.02279615045262,97.28183433397946,152
2024-01-01 09:31:00,98.06509948538044,97.85316289619045,97.46827996549203,98.38909758183529,891
2024-01-01 09:32:00,97.57295750054041,97.2595440083013,97.13205938435205,96.66592512041215,966
2024-01-01 09:33:00,96.79589375184142,96.439552233225,96.05959211306879,95.6195604581487,980
2024-01-01 09:34:00,96.81226281694073,96.80005833111778,96.47745366619823,97.16056442901056,164
2024-01-01 09:35:00,97.89779813238253,97.54029908269301,97.14106591359976,98.28053983426824,23
2024-01-01 09:36:00,97.82623985236846,97.53064785879083,97.06341537349157,97.52099663488865,570
2024-01-01 09:37:00,97.71625284556474,97.4135906971024,97.07119032228911,97.29653353541399,610
2024-01-01 09:38:00,97.71699690981305,97.28400712214739,97.12025365853239,97.15442354719237,853
2024-01-01 09:39:00,96.62839671249218,96.31905588600257,96.2750369468244,95.35410464985776,416
2024-01-01 09:40:00,96.0992235273259,96.03073455755727,95.76102750775537,95.74241322911196,116
2024-01-01 09:41:00,95.58982727703885,95.33333850559826,95.27231904854423,94.63594245363926,677
2024-01-01 09:42:00,95.55968139155975,95.44657856568035,95.22345449266074,95.55981862576245,932
2024-01-01 09:43:00,96.40335745366843,96.23870484279998,95.8224484884538,97.0308311199196,469
2024-01-01 09:44:00,95.65262013165035,95.5872838014754,95.45011187783868,94.93586276015081,504
2024-01-01 09:45:00,95.23611073740918,94.7656936609014,94.74059321780928,93.94410352032742,615
2024-01-01 09:46:00,94.04435289862613,93.99578474470464,93.72249564886509,93.22587582850787,810
2024-01-01 09:47:00,94.40802193050804,94.21197806090177,94.06065417001149,94.4281713770989,646
2024-01-01 09:48:00,95.36748370398529,95.06450228628319,95.01081270414717,95.9170265116646,382
2024-01-01 09:49:00,95.84618460171866,95.57519427979047,95.55812824504383,96.08588627329775,731
2024-01-01 09:50:00,95.42974493718994,94.96277473933407,94.68264528826302,94.35035519887766,912
2024-01-01 09:51:00,95.98845970141267,95.74913009842666,95.31694573711965,96.53548545751926,624
2024-01-01 09:52:00,96.08349923335895,95.6634208445041,95.3309743582958,95.57771159058154,163
2024-01-01 09:53:00,95.08166576306864,94.74310139365475,94.44969277939882,93.8227819428054,505
2024-01-01 09:54:00,95.45620160073383,95.25796798219558,95.04955696416431,95.7728345707364,15
2024-01-01 09:55:00,95.65714795284063,95.40911196941563,95.24146202160142,95.56025595663569,644
2024-01-01 09:56:00,95.41404619848676,95.36876894357582,95.10964896226392,95.328425917736,727
2024-01-01 09:57:00,95.43946264771573,95.23108598873509,95.22274429940519,95.09340303389436,697
2024-01-01 09:58:00,95.07793340481314,95.0644507267778,94.70315275200404,94.89781546482052,828
2024-01-01 09:59:00,95.8855035603328,95.57999508522185,95.36302686739414,96.0955394436659,930
2024-01-01 10:00:00,95.32857333690387,95.1486839992315,95.00837882279714,94.71737291324114,986
2024-01-01 10:01:00,95.93261115894664,95.8743479103352,95.637035743128,96.60001182143891,735
2024-01-01 10:02:00,95.7714755730803,95.59033316339183,95.21030882327275,95.30631841644846,426
2024-01-01 10:03:00,96.380618060946,96.14907569837055,95.80812046820647,96.70781823334927,208
2024-01-01 10:04:00,96.10768715746359,95.7207415494874,95.4067436020755,95.29240740060425,619
2024-01-01 10:05:00,96.70795413312702,96.44190646759355,96.32409037205062,97.16307138569971,597
2024-01-01 10:06:00,97.03536463401467,96.79124625515783,96.62151058308488,97.1405860427221,980
2024-01-01 10:07:00,98.05628953103786,97.75029650108726,97.74274987211834,98.7093467470167,0
2024-01-01 10:08:00,98.47242497676143,98.13038757670027,98.0269291027006,98.51047865231328,614
2024-01-01 10:09:00,98.23870545656305,98.12851903119505,97.92754068512306,98.12665048568984,417
2024-01-01 10:10:00,99.0911177865299,98.89453462043949,98.62565263095922,99.66055020968392,477
2024-01-01 10:11:00,99.86475316601665,99.67054308081434,99.21785047067252,100.4465515411892,754
2024-01-01 10:12:00,100.0782583208128,99.74294019277923,99.35083119666879,99.81533730474412,696
2024-01-01 10:13:00,99.0898357362863,98.78701799126108,98.60081402764321,97.83109578974293,777
2024-01-01 10:14:00,99.47891212591387,99.09406642562014,98.83751102866741,99.4011148599792,482
2024-01-01 10:15:00,98.74677499171558,98.63033545586227,98.23100787182422,98.16660448610439,497
2024-01-01 10:16:00,98.4370662365203,98.23514265410121,98.15326253772949,97.83994985234015,103
2024-01-01 10:17:00,98.58084307372819,98.53047673074704,98.49720867109878,98.82581080739287,574
2024-01-01 10:18:00,99.4007285102596,99.15469997047154,98.86488649354888,99.77892321019604,123
2024-01-01 10:19:00,99.56419064278484,99.17108405447465,98.704590487197,99.18746813847775,308
2024-01-01 10:20:00,98.89449336448115,98.77092305842461,98.56035610134249,98.37076206237458,834
2024-01-01 10:21:00,98.32368094649392,98.30491105146614,97.95813632068173,97.83889904450766,427
2024-01-01 10:22:00,99.27478818019416,99.00898050908252,98.72182013566167,99.7130499666989,926
2024-01-01 10:23:00,99.29946492556164,98.86115694634645,98.48773824075083,98.71333338361039,828
2024-01-01 10:24:00,100.27778063722128,99.84016801267171,99.40652408116415,100.81917907899697,91
2024-01-01 10:25:00,100.22171553729272,99.8506209352719,99.68434033550281,99.8610738578721,305
2024-01-01 10:26:00,100.14661429730351,99.73109710805687,99.26208273906498,99.61157328084184,796
2024-01-01 10:27:00,100.86707429139827,100.39817798270961,99.94260653120324,101.06525885736235,175
2024-01-01 10:28:00,99.81406964944738,99.70733090453744,99.22921833667854,99.01648382636527,393
2024-01-01 10:29:00,100.38111643116856,100.12611854099806,99.82568527189207,100.54490617745869,557
2024-01-01 10:30:00,99.39739093068705,99.34020497116305,99.10712651220955,98.55429140132803,519
2024-01-01 10:31:00,99.83997170935034,99.83483780519353,99.79555464007063,100.32947063922401,255
2024-01-01 10:32:00,99.10488297757564,99.04840203663267,98.67880162048002,98.2619662680718,430
2024-01-01 10:33:00,98.93890717510577,98.52618057040915,98.41816119536885,98.00395910418564,889
2024-01-01 10:34:00,97.84574573830004,97.78134837107403,97.71810415823371,97.03651617173891,292
2024-01-01 10:35:00,97.48199871259783,97.30113174176546,97.15578108949765,96.82091511245689,541
2024-01-01 10:36:00,97.77472462891483,97.4481071746045,97.01761150163723,97.59508260744354,809
2024-01-01 10:37:00,96.90162673355272,96.68433734072974,96.66867279286664,95.92056750685498,442
2024-01-01 10:38:00,95.94261867642501,95.75774073751332,95.71132567955908,94.83114413429689,611
2024-01-01 10:39:00,96.06850818050688,95.61368006597719,95.46180915748141,95.46961939444107,78
2024-01-01 10:40:00,95.44020457592003,95.36160529918772,95.01299408541531,95.10953053239824,24
2024-01-01 10:41:00,94.53914045215704,94.47634323526073,94.3984414257833,93.59108117133374,241
2024-01-01 10:42:00,93.998057258391,93.98858645556768,93.93910762617622,93.50082967587464,285
2024-01-01 10:43:00,93.97870892326118,93.51556026554081,93.3065146913654,93.04253407551394,411
2024-01-01 10:44:00,94.26542389436659,94.0227552197688,93.96933624362954,94.52995017399678,495
2024-01-01 10:45:00,93.59084969875991,93.18777136722633,92.86710851283537,92.35278751468387,755
2024-01-01 10:46:00,92.3963342294718,92.37621288131528,92.19909270584795,91.56465439540423,874
2024-01-01 10:47:00,92.16898348302891,92.07219207532842,91.64399510010212,91.76817126934155,133
2024-01-01 10:48:00,93.35514550186285,92.96567134856421,92.55437280736126,93.85915062180001,85
2024-01-01 10:49:00,92.39414642430776,92.37652336967757,92.20045308609653,91.78737539079093,626
2024-01-01 10:50:00,93.5425880425591,93.11102393127943,92.94598406709797,93.8455244928813,511
2024-01-01 10:51:00,93.3421890897119,93.23164672638895,92.94602217014288,93.35226952149846,144
2024-01-01 10:52:00,92.64324771525362,92.40489924003093,92.32424607383709,91.57815175367291,116
2024-01-01 10:53:00,91.9167347516538,91.51684947856327,91.45044254474179,90.62879971709562,681
2024-01-01 10:54:00,90.75423976173417,90.73168967157983,90.32842455207478,89.94652986459639,865
2024-01-01 10:55:00,91.22583144712709,90.86337707866703,90.69813889872609,90.99506448575423,161
2024-01-01 10:56:00,91.66647943838562,91.53526139975764,91.0808161945352,92.20714572084826,992
2024-01-01 10:57:00,92.27168215079725,91.92685108681667,91.74525859860631,92.3184407738757,647
2024-01-01 10:58:00,92.760722245012,92.45962468647525,92.09075749994834,92.99239828613383,632
2024-01-01 10:59:00,92.76677678271307,92.41552594366732,92.05758013245557,92.37142720085939,17
2024-01-01 11:00:00,93.46651763061598,93.18785454749658,92.87964905445375,93.96018315132585,475
2024-01-01 11:01:00,92.59467782119188,92.52407023281877,92.1643278706442,91.86028591814096,985
2024-01-01 11:02:00,92.28423237718134,91.83460159647541,91.59367099388966,91.14513296013205,865
2024-01-01 11:03:00,92.78364176018782,92.48223716957854,92.40706216405881,93.12987274268167,42
2024-01-01 11:04:00,92.76263535716993,92.52742143213543,92.46419050685934,92.57260569469231,363
2024-01-01 11:05:00,92.05078836011444,91.66924894209484,91.43283249499909,90.81107645205425,717
2024-01-01 11:06:00,91.40233195020768,91.22627147997476,91.20444091827142,90.78329401785467,194
2024-01-01 11:07:00,90.95752425604084,90.92574807943306,90.66418392627013,90.62522467889137,423
2024-01-01 11:08:00,90.70995136144543,90.6908888367214,90.36639006616164,90.45602959400973,423
2024-01-01 11:09:00,91.0599817410346,90.71015213232938,90.3693179781751,90.72941542793737,595
2024-01-01 11:10:00,90.43335465919918,90.26518007568266,89.90687381828455,89.82020801903595,969
2024-01-01 11:11:00,90.12303388220083,90.01353370590223,89.6764550319381,89.7618873361218,628
2024-01-01 11:12:00,89.60694708285362,89.44962130304194,89.08109245029632,88.88570890018164,140
2024-01-01 11:13:00,88.81266648290683,88.80970613381051,88.53249126315701,88.16979096457908,572
2024-01-01 11:14:00,87.9702226975513,87.93079296190176,87.5425864424337,87.05187978999301,386
2024-01-01 11:15:00,87.9443856378592,87.8101456296024,87.54806947198979,87.68949829730305,366
2024-01-01 11:16:00,87.4519504464593,87.09582475105954,87.01849676319748,86.38150387251667,552
2024-01-01 11:17:00,87.52069745633507,87.50536539916598,87.1877196573173,87.91490604727242,963
2024-01-01 11:18:00,87.38196069704009,87.36597163123182,87.25975627069005,87.22657786329765,842
2024-01-01 11:19:00,87.51374175751988,87.12825195515786,86.95960612192569,86.89053227908391,620
2024-01-01 11:20:00,87.01745221517471,86.71074073799008,86.32985328982292,86.29322952082228,901
2024-01-01 11:21:00,87.03936513169849,86.95991517120703,86.65181417948646,87.20908960442398,578
2024-01-01 11:22:00,86.60862419882278,86.2325831684171,86.03954548305171,85.50525116562716,872
2024-01-01 11:23:00,86.91303190613613,86.78147067081571,86.75719043259784,87.33035817321432,352
2024-01-01 11:24:00,87.41369750853816,87.32112322379264,86.93692040047982,87.86077577676957,330
2024-01-01 11:25:00,87.6075714078744,87.587631674718,87.51020527898177,87.85414012564335,227
2024-01-01 11:26:00,87.94176198146165,87.82503437982216,87.47540344260997,88.06243708492632,872
2024-01-01 11:27:00,87.14910131547177,87.05069242913446,86.92739694894155,86.27635047844676,569
2024-01-01 11:28:00,87.67327824436909,87.38844175262727,87.13015060810477,87.72619107612009,741
2024-01-01 11:29:00,87.00614294693061,86.65055875461897,86.49620699552698,85.91267575661067,547
2024-01-01 11:30:00,87.50313398073023,87.16459176059932,86.93760770311552,87.67862476657967,125
2024-01-01 11:31:00,87.18495581187878,86.97986252091029,86.81577405094917,86.79513328122125,50
2024-01-01 11:32:00,87.55554453988887,87.32982191014837,86.99156423803454,87.67978129938645,271
2024-01-01 11:33:00,88.2859474677649,88.14735179690301,87.95453761528451,88.96488168365765,407
2024-01-01 11:34:00,89.17923037398741,88.92967979052553,88.70104210170177,89.71200778414804,506
2024-01-01 11:35:00,88.40090728877556,88.10184218855221,87.6818737224377,87.2740045865789,407
2024-01-01 11:36:00,87.74560888588539,87.56611122274064,87.36714052065133,87.03038025692908,402
2024-01-01 11:37:00,87.32686180513372,86.94330038352187,86.90912929019812,86.3204895443031,639
2024-01-01 11:38:00,86.62715824715116,86.61955710773601,86.44493289090863,86.29581383195016,918
2024-01-01 11:39:00,86.30153256800277,85.96715144859348,85.89370888271759,85.31474578945095,267
2024-01-01 11:40:00,86.78204002877636,86.4050941035657,86.39713211104842,86.84303675853792,210
2024-01-01 11:41:00,86.78888360725249,86.39988138585365,86.36293717325863,86.39466866814159,93
2024-01-01 11:42:00,87.34908532364129,87.09788725015197,87.05387454302988,87.7958931144503,884
2024-01-01 11:43:00,87.73438108810893,87.57308251128536,87.45307983465051,88.04827777241876,489
2024-01-01 11:44:00,88.20083395974775,87.96339274959568,87.8548361443434,88.353702987906,280
2024-01-01 11:45:00,88.85864066038341,88.6349345805881,88.28836938527466,89.3064764115805,634
2024-01-01 11:46:00,89.78896433568784,89.34667896670129,89.13843899132031,90.05842335281449,678
2024-01-01 11:47:00,88.88495061810582,88.460352606643,88.23583543907097,87.57402624658471,892
2024-01-01 11:48:00,89.3374806246754,89.27084717701608,89.0482930725523,90.08134174738916,22
2024-01-01 11:49:00,90.37535842406318,89.998527045094,89.76787251837737,90.72620691317191,731
2024-01-01 11:50:00,89.79651738550538,89.55184547820154,89.31154013469434,89.10516391130909,890
2024-01-01 11:51:00,90.00862112100889,89.64739061713378,89.23236981760182,89.74293575606602,80
2024-01-01 11:52:00,90.41332782898688,89.9811876724599,89.88751833477139,90.31498472778601,15
2024-01-01 11:53:00,89.35103353795841,89.17015525990746,89.0934641323514,88.35912284735502,431
2024-01-01 11:54:00,89.94076393541657,89.62372804515601,89.48620674991402,90.07730083040457,74
2024-01-01 11:55:00,89.57954448204347,89.19389940433291,88.93285860319078,88.7640707635098,484
2024-01-01 11:56:00,89.01814315462917,88.89789327929937,88.4809411222428,88.60188715426582,352
2024-01-01 11:57:00,88.30233859300093,88.09467426454833,87.77245730247786,87.2914552497973,987
2024-01-01 11:58:00,87.6048934492369,87.3634755725859,87.14239940484735,86.63227688062346,805
2024-01-01 11:59:00,87.6028838418649,87.32289601995558,87.09719269475508,87.28231646732526,883
2024-01-01 12:00:00,87.37163405480538,87.16301964917656,86.94077036020536,87.00314327839754,91
2024-01-01 12:01:00,87.85880205912193,87.4223140134253,87.18066912663056,87.68160837767402,522
2024-01-01 12:02:00,86.97066441544368,86.72093381010822,86.63867441638897,86.01955360679113,434
2024-01-01 12:03:00,87.15827566831038,87.04881076445847,86.72469284265522,87.37668771880871,916
2024-01-01 12:04:00,86.50972128529376,86.36345903358615,86.22669334628125,85.67810730271384,473
2024-01-01 12:05:00,86.78703790064193,86.61583260907327,86.28541019392729,86.86820618456038,297
2024-01-01 12:06:00,86.21611865667815,85.99333762821468,85.87992876187222,85.37084264735608,498
2024-01-01 12:07:00,85.79507114544697,85.37385384423924,85.04080970718749,84.7543700602638,311
2024-01-01 12:08:00,85.93052852275203,85.58112161730568,85.33149606565154,85.78838939037213,326
2024-01-01 12:09:00,85.45276994680927,85.15288413674101,85.01646043742029,84.72464665617633,934
2024-01-01 12:10:00,86.01276694491452,85.84469686922452,85.66456299651422,86.53650960170803,243
2024-01-01 12:11:00,86.63617167352919,86.54693470568161,86.3585559767781,87.2491725421387,626
2024-01-01 12:12:00,86.026979110916,85.9104739114906,85.82685023103986,85.27401311729959,929
2024-01-01 12:13:00,86.35146695221823,86.03631285471353,85.69940292598896,86.16215179793646,650
2024-01-01 12:14:00,86.75800645210437,86.67914336200393,86.49558374964128,87.32197386929433,961
2024-01-01 12:15:00,87.14510601065429,86.93885039620488,86.78179696577821,87.19855743040584,732
2024-01-01 12:16:00,87.39634627800763,87.35512863768307,87.2806090482163,87.77140687916125,269
2024-01-01 12:17:00,87.00998654688911,86.79239674994315,86.70089679369268,86.22966486220324,322
2024-01-01 12:18:00,87.56682393423829,87.30412853207639,87.1897208314646,87.81586031420963,326
2024-01-01 12:19:00,87.30885894958449,87.30100605052648,87.08924961376464,87.29788356897657,760
2024-01-01 12:20:00,87.22109316449944,86.99127342318113,86.70341676198788,86.68154079583577,119
2024-01-01 12:21:00,87.70113670335941,87.32574335244016,87.12874600740317,87.66021328169919,570
2024-01-01 12:22:00,87.2077165829168,86.88068238633281,86.85839536695394,86.43562142022546,841
2024-01-01 12:23:00,86.81947302106526,86.51085471057513,86.39268426638839,86.14102703481745,975
2024-01-01 12:24:00,87.08695433847765,86.89829151985916,86.88851176384281,87.28572832914318,309
2024-01-01 12:25:00,87.49964058952395,87.25152407520335,86.95153505881993,87.60475663054754,208
2024-01-01 12:26:00,87.9205318553348,87.63195760711002,87.54969279626057,88.0123911390167,693
2024-01-01 12:27:00,87.72938584484294,87.48387139909846,87.05795525555929,87.3357851910869,669
2024-01-01 12:28:00,87.88292883046648,87.81686885936956,87.66109389808939,88.14986631964067,129
2024-01-01 12:29:00,87.79588839515392,87.72803501550739,87.60309695026459,87.63920117164521,922
2024-01-01 12:30:00,87.87761645622726,87.6379693591108,87.35415426613669,87.54790370271421,344
2024-01-01 12:31:00,87.25454286419904,86.8395998676327,86.61254631803374,86.0412303761546,476
2024-01-01 12:32:00,86.56027902193803,86.42536762051533,86.38890716931796,86.01113537339796,686
2024-01-01 12:33:00,87.4628533340262,87.2415724271773,86.93709643606837,88.05777723383927,14
2024-01-01 12:34:00,87.69718291666479,87.54134925211031,87.5332481937581,87.84112607704331,129
2024-01-01 12:35:00,87.6494609530954,87.5189867823693,87.21169746366749,87.49662431262828,202
2024-01-01 12:36:00,88.20723739298494,88.09229199957976,87.82048366320893,88.66559721679022,445
2024-01-01 12:37:00,88.55277695168985,88.25272473769382,87.8630899358268,88.41315747580789,835
2024-01-01 12:38:00,88.16394413587821,88.14978050298063,87.98419131219349,88.04683626826744,270
2024-01-01 12:39:00,87.94272550832768,87.84656283033002,87.60007881262659,87.5433451576794,844
2024-01-01 12:40:00,88.29461369074318,88.01995347602374,87.9034890481747,88.19334412171747,691
2024-01-01 12:41:00,88.26189826767676,88.03724946873493,87.64383428803437,88.05454546144611,176
2024-01-01 12:42:00,88.28058658118113,87.93539806401014,87.51819407810108,87.83354665928536,652
2024-01-01 12:43:00,87.68896040823627,87.42700858487765,87.41543039143305,86.91861910574517,881
2024-01-01 12:44:00,87.92901555544873,87.51255850530548,87.19933451827575,87.5981084257333,489
2024-01-01 12:45:00,88.11411339701918,87.80703187070523,87.36917022172977,88.10150523610498,27
2024-01-01 12:46:00,88.84371263207991,88.67429210842566,88.51631116635994,89.54155234614609,242
2024-01-01 12:47:00,88.6833204939016,88.43236460678035,88.28686214805163,88.19043710513505,820
2024-01-01 12:48:00,88.23628528924098,88.1576204813088,87.75090791099255,87.88287635583724,724
2024-01-01 12:49:00,89.15645205388883,88.86047584949986,88.7001622277213,89.56333121769093,835
2024-01-01 12:50:00,89.504884921013,89.11695002922887,88.76797928185385,89.37342420895789,424
2024-01-01 12:51:00,90.22242833607655,89.79076495354579,89.43444248252362,90.4645798778627,851
2024-01-01 12:52:00,89.14046207713447,88.92951754851238,88.74577731504472,88.06827014347897,450
2024-01-01 12:53:00,88.95910387230224,88.54206174394758,88.49540538833253,88.15460593938279,685
2024-01-01 12:54:00,89.45881342005501,89.30670694667032,88.86695205556832,90.07135214939305,370
2024-01-01 12:55:00,89.71140222907884,89.57276189489978,89.52689947739097,89.83881684312925,995
2024-01-01 12:56:00,90.08626111427198,90.05761380156636,89.62972843587791,90.54246570823294,156
2024-01-01 12:57:00,90.65015400754484,90.28126686988512,90.15222497174138,90.50491993820387,57
2024-01-01 12:58:00,90.12122895496864,90.1208576604639,89.94546935490052,89.96044845104268,69
2024-01-01 12:59:00,89.83199260374404,89.543475421098,89.18680507762312,88.96609318173209,644
2024-01-01 13:00:00,89.60762760685913,89.3103465089568,89.0319520323267,89.0772175968156,654
2024-01-01 13:01:00,89.07542532285983,89.0148793638785,88.69467779611477,88.71941221880022,773
2024-01-01 13:02:00,89.89955631862323,89.63668390938473,89.5738921210949,90.25848845489095,297
2024-01-01 13:03:00,89.31849758180674,88.95044353545836,88.77867257035244,88.264203161532,551
2024-01-01 13:04:00,89.96996511887718,89.68289546079228,89.34207976353379,90.4153473861262,355
2024-01-01 13:05:00,89.49035433459805,89.18609508102438,88.834295222984,88.68929470125647,568
2024-01-01 13:06:00,89.49141448680146,89.19178387615625,89.06073021471575,89.19747267128812,130
2024-01-01 13:07:00,88.60670066507254,88.47340880003648,88.46588157115013,87.75503372391671,874
2024-01-01 13:08:00,88.58097698943318,88.44747068283294,88.35692944786193,88.4215325656294,851
2024-01-01 13:09:00,88.48557765879424,88.1779270902456,87.85016183796328,87.90838349765826,442
2024-01-01 13:10:00,88.10158243809498,87.69456099121044,87.43797392729401,87.21119489217527,778
2024-01-01 13:11:00,87.38265073028951,87.34407034089645,87.24758953883865,86.99357969058246,954
2024-01-01 13:12:00,87.54570332978997,87.5259656149241,87.31169892004384,87.70786088895176,84
2024-01-01 13:13:00,87.71658495055168,87.40851869169212,87.33906611550097,87.29107176846014,110
2024-01-01 13:14:00,87.43352069699901,87.03615494377343,86.89664376759919,86.66379119585473,499
2024-01-01 13:15:00,87.14598430402657,86.74718213252255,86.61371037244429,86.45820932127168,12
2024-01-01 13:16:00,87.54326218683673,87.29878210329555,87.13913267860312,87.85038207406855,512
2024-01-01 13:17:00,87.83480556734287,87.68176091202753,87.51286186178665,88.0647397207595,917
2024-01-01 13:18:00,88.57752055538555,88.44261186777481,88.37071519467192,89.2034628235221,225
2024-01-01 13:19:00,88.73500387343931,88.34852206456777,88.28391017613332,88.25443226136073,865
2024-01-01 13:20:00,88.34902483435081,87.92763199593071,87.71833469841403,87.50674192729365,353
2024-01-01 13:21:00,88.61286066271857,88.35123367528908,87.95396286607544,88.77483535464745,15
2024-01-01 13:22:00,88.0690830819975,88.0334699029695,87.82984845370878,87.71570613064992,548
2024-01-01 13:23:00,88.9207941076048,88.61441547966787,88.18305234628525,89.19536105636624,253
2024-01-01 13:24:00,87.74145906367838,87.72853055490336,87.5444714669746,86.84264563013885,922
2024-01-01 13:25:00,88.74304426351067,88.49970284156359,88.25435231864711,89.27087512822382,124
2024-01-01 13:26:00,88.12483605350677,88.074050817218,87.98237946352647,87.6483987928724,256
2024-01-01 13:27:00,87.72763943642458,87.3900931983288,87.10159548493951,86.7061355794396,856
2024-01-01 13:28:00,88.03017719629632,87.94484532599466,87.61684002179815,88.49959745366053,246
2024-01-01 13:29:00,88.41605528698781,88.3675460495003,87.9558321236645,88.79024677300595,880
2024-01-01 13:30:00,87.89641586472035,87.60619579563985,87.20317833299042,86.84484554177939,15
2024-01-01 13:31:00,88.18098435157424,87.74879152702026,87.66858830749044,87.89138725840067,771
2024-01-01 13:32:00,87.63324969705197,87.44807319031646,87.41020739561307,87.14735485361267,129
2024-01-01 13:33:00,87.18431947607917,86.88689818184007,86.76486514284396,86.32572317336367,70
2024-01-01 13:34:00,87.59097746690591,87.36627692924633,87.01332894140815,87.84565567665258,489
2024-01-01 13:35:00,87.35230305665822,87.32784062106731,87.07138690111857,87.2894043128883,693
2024-01-01 13:36:00,88.38543848883889,88.09260074072773,87.82849395659109,88.85736086038816,521
2024-01-01 13:37:00,88.19105836096095,88.03692133476127,87.85167485453998,87.98124192879482,652
2024-01-01 13:38:00,88.05812491015766,87.69493399706465,87.64304767687175,87.35294665936803,722
2024-01-01 13:39:00,87.97892897105507,87.89226070734287,87.45375392841605,88.08958741762109,746
2024-01-01 13:40:00,87.94342356951564,87.61382766105561,87.20998733907548,87.33539461476835,903
2024-01-01 13:41:00,88.0624517431281,87.78202770303497,87.75019526941065,87.95022774501433,438
2024-01-01 13:42:00,88.79554704050965,88.42522733434144,88.41510349632372,89.06842696564792,380
2024-01-01 13:43:00,89.32525159042453,89.20996601909114,88.96217774854257,89.99470470384084,710
2024-01-01 13:44:00,89.45118092797733,89.1870500942867,88.86360809652177,89.16413416948227,347
2024-01-01 13:45:00,89.20772162958183,88.94095874545616,88.62884408417183,88.69486739662561,479
2024-01-01 13:46:00,89.73408076283323,89.34845053231996,89.1135012127575,89.75594231918376,72
2024-01-01 13:47:00,89.91932220232357,89.61644718989228,89.19406820347719,89.88444384746461,702
2024-01-01 13:48:00,90.26582559342708,90.15883027494623,89.73926808965102,90.70121336000017,956
2024-01-01 13:49:00,91.07719132528237,90.69148157392931,90.45984319851406,91.22413287291239,429
2024-01-01 13:50:00,90.73832217170707,90.35137172476963,89.91655279361485,90.01126187560996,439
2024-01-01 13:51:00,91.2475878804579,91.15601610470043,90.88949133548809,91.96066048463122,206
2024-01-01 13:52:00,92.10153841321528,91.92321925217226,91.83539287253033,92.69042239964409,574
2024-01-01 13:53:00,91.73924193606724,91.64218011905322,91.62799255185908,91.36114098593418,100
2024-01-01 13:54:00,92.5780601308948,92.15804752837795,92.0479109769849,92.67391493770268,156
2024-01-01 13:55:00,91.39951239004715,91.27344637127143,90.90412540327233,90.38884521416492,985
2024-01-01 13:56:00,91.7651167289127,91.67114997709501,91.4274082045271,92.06885358291859,558
2024-01-01 13:57:00,92.38460116530712,92.05086838233133,91.64481556606682,92.43058678756765,541
2024-01-01 13:58:00,92.45811739075941,92.38286853021437,92.26038055417712,92.7148686780974,986
2024-01-01 13:59:00,92.74295163241699,92.31374410346973,92.1129222089586,92.2446196767251,701
2024-01-01 14:00:00,91.66198999071867,91.43786384627425,91.06840758255872,90.56198358907878,568
2024-01-01 14:01:00,92.12673706930764,92.05264384890322,91.77504418335249,92.66742385153218,584
2024-01-01 14:02:00,92.39417792991206,92.14001604376747,91.99433479829116,92.22738823863173,52
2024-01-01 14:03:00,93.02183822159711,92.6398304505828,92.50091196220616,93.13964485739814,656
2024-01-01 14:04:00,92.1020794512136,91.7747695749512,91.56674125398577,90.90970869931958,510
2024-01-01 14:05:00,91.99048182834694,91.73896270866801,91.2993462095199,91.70315584238483,377
2024-01-01 14:06:00,92.48664260406606,92.44706004589294,92.23400670217674,93.15515738311787,611
2024-01-01 14:07:00,91.75077689163739,91.681722012571,91.27721643692468,90.91638397924906,739
2024-01-01 14:08:00,92.74213844938912,92.4786906055013,92.41878420118869,93.2756591984316,916
2024-01-01 14:09:00,93.1341461439912,92.99508826731095,92.925222769471,93.5114859291206,315
2024-01-01 14:10:00,92.89786334744637,92.64114986870757,92.26410149584363,92.2872114701042,574
2024-01-01 14:11:00,92.72714522060195,92.49176228557127,92.11613100004415,92.34237470243497,209
2024-01-01 14:12:00,93.05192317973491,92.7511357166601,92.56803998974496,93.01050914774893,269
2024-01-01 14:13:00,92.56459966541158,92.20497122010543,91.76381224425415,91.65880672355077,47
2024-01-01 14:14:00,93.18636585947736,92.74854613841076,92.32018942621401,93.29212105671608,556
2024-01-01 14:15:00,92.97127907404337,92.69563615942877,92.60317470854169,92.64272618044679,931
2024-01-01 14:16:00,93.47270866110695,93.13346111697442,92.74949651831979,93.57128607452006,521
2024-01-01 14:17:00,93.44768265428654,93.43287212359076,93.20032858636743,93.7322831302071,204
2024-01-01 14:18:00,93.72732663401531,93.4428303787441,93.3299460955514,93.45278863389746,941
2024-01-01 14:19:00,93.48715909622008,93.30625300933401,92.87685493910867,93.16967563992392,509
2024-01-01 14:20:00,93.51660987215031,93.462277470002,93.3624577007318,93.61830193066997,325
2024-01-01 14:21:00,93.31796985672295,93.30865212302952,93.18781762621029,93.15502677605704,541
2024-01-01 14:22:00,94.42520427270102,94.20255342096031,94.1703904376464,95.09645471889111,524
2024-01-01 14:23:00,95.072738487774,94.85915848290975,94.5119090541131,95.51576354485918,492
2024-01-01 14:24:00,95.82785842380964,95.71206761061453,95.34017919001255,96.5649767383193,540
2024-01-01 14:25:00,96.0828203574132,95.70980774437939,95.47275388797175,95.70754787814425,891
2024-01-01 14:26:00,96.31525296556272,96.07250985962108,95.75538393324736,96.43521197486277,352
2024-01-01 14:27:00,95.56211245243286,95.38023289285996,95.2107002513325,94.68795592609885,722
2024-01-01 14:28:00,96.07025852513986,95.6005240081768,95.25861157818704,95.82081512349365,623
2024-01-01 14:29:00,96.27247712576333,96.02333965820202,95.8245670881306,96.44615530822723,768
2024-01-01 14:30:00,95.78953812968564,95.46281407235486,95.03957887041223,94.9022884865077,882
2024-01-01 14:31:00,95.45111547074228,95.24310976768642,94.90220773311819,95.02340546301798,394
2024-01-01 14:32:00,95.90122844556079,95.70410556442697,95.51961600951566,96.16510136116752,863
2024-01-01 14:33:00,95.4347043122557,95.14025712151383,94.93018144662251,94.57640867860069,488
2024-01-01 14:34:00,94.71762373833423,94.54644712211584,94.37687010179722,93.95263712271785,419
2024-01-01 14:35:00,95.07478143073389,95.00272215625792,94.87058800072947,95.4589971904,161
2024-01-01 14:36:00,95.51228837392006,95.0803635714498,94.66173726078368,95.15800498664167,447
2024-01-01 14:37:00,95.90836670101729,95.54976073948737,95.442953930506,96.01915790752494,945
2024-01-01 14:38:00,96.71830501086833,96.31234546041308,96.00681105814097,97.0749301813388,22
2024-01-01 14:39:00,96.70975315843769,96.53967720476709,96.2028858472533,96.76700894912109,408
2024-01-01 14:40:00,97.63922597318995,97.41561421083276,97.00739563003344,98.29155121689843,134
2024-01-01 14:41:00,97.69503349685363,97.28469316607931,96.90831085426969,97.15377212132586,479
2024-01-01 14:42:00,97.76801267297024,97.6723632729979,97.59017561452202,98.06003337991649,700
2024-01-01 14:43:00,98.73762571489078,98.26787469022979,97.88262254037221,98.86338610746168,583
2024-01-01 14:44:00,99.40945977710427,99.2452189138016,99.00220070151812,100.2225631373734,380
2024-01-01 14:45:00,98.63781526523323,98.48298030612251,98.47352984404323,97.72074169844343,713
2024-01-01 14:46:00,99.34606363340053,99.09745444252333,98.66613499020137,99.71192857892414,148
2024-01-01 14:47:00,100.37977442242362,99.92923931985592,99.78530053218932,100.76102419718852,853
2024-01-01 14:48:00,101.09603038753362,100.69635760377791,100.61355893433834,101.4634758876999,779
2024-01-01 14:49:00,100.33311934152512,99.99233403674923,99.8128749830924,99.28831046972054,374
2024-01-01 14:50:00,99.64004546813173,99.4381783496681,99.36702451074834,98.88402266258699,228
2024-01-01 14:51:00,99.0999131370756,99.03752485449775,98.60238088411408,98.63687135932739,695
2024-01-01 14:52:00,99.84874786827395,99.64207963805562,99.62996988968095,100.24663442161349,526
2024-01-01 14:53:00,99.2492003889999,99.16522575723594,98.92166234542181,98.68837187641627,960
2024-01-01 14:54:00,98.77113683764529,98.35941789344028,98.17437563852278,97.55361002964462,606
2024-01-01 14:55:00,98.56489492857585,98.0943049513796,97.95524548195586,97.82919200931892,606
2024-01-01 14:56:00,98.82191137165059,98.3864011516463,98.16894007989417,98.678497351913,107
2024-01-01 14:57:00,98.19785559378431,98.11797863097044,97.85766907492662,97.84955611029459,564
2024-01-01 14:58:00,98.42084270605555,98.00587387189172,97.56673569586137,97.893769112813,145
2024-01-01 14:59:00,98.10737801601115,98.05824167757618,97.64842404496686,98.11060948326063,331
2024-01-01 15:00:00,98.40158337136067,97.9208057874694,97.48483619949431,97.78336989736263,688
2024-01-01 15:01:00,97.6476126479892,97.20067509934889,96.77814658937797,96.48054441122837,338
2024-01-01 15:02:00,97.05594812549465,96.992613353862,96.86225886060548,96.78455160837511,625
2024-01-01 15:03:00,96.95819148537157,96.8712475391755,96.53895929140826,96.749881724489,257
2024-01-01 15:04:00,96.32932333769284,96.05675368672378,95.87249050704169,95.24225983427206,25
2024-01-01 15:05:00,95.27437320032712,95.25486542094177,95.14077046512294,94.45297715515976,771
2024-01-01 15:06:00,96.27273816114052,95.85285376000193,95.57054991769303,96.4508420990621,144
2024-01-01 15:07:00,96.30713075451605,96.20728775045811,96.00139364174187,96.56172174091428,830
2024-01-01 15:08:00,96.02812283681718,95.85068283984609,95.5073952653454,95.49407792923407,133
2024-01-01 15:09:00,96.30831033622441,96.26087682145183,96.04008446111128,96.67107080305757,960
2024-01-01 15:10:00,96.93068241670163,96.87438173810737,96.42757495941423,97.48788665476292,602
2024-01-01 15:11:00,97.24925896436058,96.83474808718854,96.43095269220464,96.79511443626971,947
2024-01-01 15:12:00,96.22826125481772,95.9326730887861,95.50281920620397,95.03059809038366,837
2024-01-01 15:13:00,95.82650275099542,95.67389428235161,95.22800922003606,95.41511547591712,718
2024-01-01 15:14:00,96.59710140660987,96.57031310874918,96.21262660970908,97.46673193514674,822
2024-01-01 15:15:00,97.40716652878636,97.27840953371606,96.83502187848741,97.98650595868294,832
2024-01-01 15:16:00,97.68861293695669,97.54559046991702,97.33069118519016,97.81277140611797,230
2024-01-01 15:17:00,97.12604332734692,96.90866282774171,96.84100193103522,96.2717351855664,414
2024-01-01 15:18:00,96.30258570649396,96.08961814782432,95.61243201449167,95.27057346790694,389
2024-01-01 15:19:00,96.5953262020492,96.58482813989228,96.37502249046497,97.08003813196024,168
2024-01-01 15:20:00,97.56081987601773,97.39639434361813,97.30080807447554,98.20796054734397,586
2024-01-01 15:21:00,96.90716222605407,96.54075721825171,96.13089347447271,95.6851200928853,190
2024-01-01 15:22:00,96.89976338000564,96.64448267095683,96.45953369740683,96.74820812366195,117
2024-01-01 15:23:00,95.96943247538046,95.9352397576629,95.84216012228949,95.22599684436896,566
2024-01-01 15:24:00,95.56284823887961,95.32196682537771,95.19416909477289,94.70869389309253,262
2024-01-01 15:25:00,94.78160491118798,94.74531883522661,94.30225117328341,94.16867084507551,848
2024-01-01 15:26:00,95.88242831328624,95.65034640172223,95.54983987880598,96.55537396821785,291
2024-01-01 15:27:00,96.40134000723852,96.1433522982757,95.94480973022802,96.63635819482917,918
2024-01-01 15:28:00,95.56541216783553,95.38099081036671,95.10689146939109,94.61862932245772,559
2024-01-01 15:29:00,96.35035846875284,96.32672815522194,96.08506766630289,97.27246550007717,956
2024-01-01 15:30:00,96.34486488659833,95.93334522952988,95.90452396745675,95.53996230383781,590
2024-01-01 15:31:00,96.14494252446868,96.09270281260069,95.6863965144116,96.2520603956715,892
2024-01-01 15:32:00,95.46452356682882,95.19775149137797,95.08415595891097,94.30280017015525,946
2024-01-01 15:33:00,95.7936076487842,95.54322339377815,95.4538514208087,95.88869529617833,182
2024-01-01 15:34:00,96.12155201897588,95.75947505933446,95.32840251157403,95.97572672489078,984
2024-01-01 15:35:00,96.22748134623586,96.20943530693503,96.1253531341505,96.6593955545356,298
2024-01-01 15:36:00,96.95744154471562,96.50346399083541,96.28985712088443,96.79749267473579,401
2024-01-01 15:37:00,96.29022495138541,95.82841409792155,95.6513155455607,95.15336420500769,789
2024-01-01 15:38:00,95.65132091662741,95.3194376908736,95.01885902199555,94.81046128382565,793
2024-01-01 15:39:00,95.5363831316421,95.10756543310144,94.93708067857199,94.89569317532928,927
2024-01-01 15:40:00,95.70151639549269,95.50866974122235,95.11021278192268,95.90977404934326,974
2024-01-01 15:41:00,96.49626006822201,96.13674226231919,95.93186049441023,96.76481478341603,153
2024-01-01 15:42:00,96.78251909988514,96.47833456277257,96.16298705438294,96.81992686322596,640
2024-01-01 15:43:00,97.29008813669752,97.03535099975402,96.99880848832949,97.59236743673546,539
2024-01-01 15:44:00,97.74945760726011,97.53747157474457,97.44509153318425,98.03959214973513,70
2024-01-01 15:45:00,96.90114876301887,96.75844629254281,96.61965605122381,95.97942101034106,828
2024-01-01 15:46:00,96.48470574692092,96.34950517642677,95.88178614433268,95.94056406031073,650
2024-01-01 15:47:00,96.12307453208567,95.74486332948253,95.41119491726516,95.14022148253828,312
2024-01-01 15:48:00,95.75431514599191,95.68329558871139,95.63052169991829,95.62172784794025,709
2024-01-01 15:49:00,95.18638003422981,95.02039553859852,94.92823506037028,94.35749548848565,154
2024-01-01 15:50:00,94.4536499166957,94.24460527309095,94.17924134681743,93.46881500758339,568
2024-01-01 15:51:00,94.95168299641637,94.72816993238534,94.28687095894546,95.21173459167973,777
2024-01-01 15:52:00,94.53199966623187,94.26543183129424,93.98568876632136,93.80269373020313,342
2024-01-01 15:53:00,94.84443118839106,94.73657846380613,94.6681987377985,95.20772509631801,857
2024-01-01 15:54:00,95.64195386845714,95.50348040753093,95.30430006029046,96.27038235125573,854
2024-01-01 15:55:00,96.11935386468184,95.97941168826594,95.6525957282743,96.45534296900095,525
2024-01-01 15:56:00,95.458496949126,95.15389243909613,94.94198903836384,94.32837318992631,806
2024-01-01 15:57:00,95.16424215696756,95.00180828134391,94.75618187508836,94.8497241235917,341
2024-01-01 15:58:00,95.26997796648718,94.83968032805845,94.62606785644302,94.67755237477299,638
2024-01-01 15:59:00,95.8306715100846,95.51531074689059,95.28796353804935,96.19094116572273,714
2024-01-01 16:00:00,96.0573498098604,95.85375667435505,95.4016526858216,96.19220260181952,171
2024-01-01 16:01:00,97.22203724571578,96.76633767555663,96.3895992236513,97.6789186767582,286
2024-01-01 16:02:00,97.1681069498523,97.08914034276518,96.87086579048358,97.41194300997373,636
2024-01-01 16:03:00,97.70111020324913,97.39631481475138,96.92098494364741,97.70348928673758,915
2024-01-01 16:04:00,97.13776354804234,96.92034553080268,96.84741697861168,96.44437624685398,26
2024-01-01 16:05:00,96.38403827168304,96.12011164426688,95.77040157687284,95.31987775773109,958
2024-01-01 16:06:00,96.95549760254056,96.81758353768697,96.75371084921309,97.51505543110706,67
2024-01-01 16:07:00,96.51411780274373,96.42381926800536,96.32234924879904,96.03005499832375,145
2024-01-01 16:08:00,95.62582218174029,95.5925903783521,95.3614011799509,94.76136148869884,530
2024-01-01 16:09:00,95.46420425264733,95.17591429133745,94.90671355968382,94.7592382043228,412
2024-01-01 16:10:00,95.5128366587706,95.21702012790568,95.21422082405896,95.25812596447392,765
2024-01-01 16:11:00,94.66339895984581,94.45545591322774,94.35314288033483,93.69389169854979,162
2024-01-01 16:12:00,94.94404643027951,94.58238873969755,94.33100689365432,94.70932156616736,790
2024-01-01 16:13:00,94.83445149065454,94.47627385146653,94.04687953410901,94.37015896323551,76
2024-01-01 16:14:00,94.8297681728557,94.4909559756018,94.085988922869,94.50563809973708,408
2024-01-01 16:15:00,93.74886312535779,93.59865011377302,93.13495890480436,92.70634425194423,124
2024-01-01 16:16:00,94.01636357462702,94.00064812815069,93.53236319578322,94.40264614252837,598
2024-01-01 16:17:00,93.44662412682369,93.18634235053722,92.97354864718955,92.37203657292375,127
2024-01-01 16:18:00,93.13403133908655,92.83346647755451,92.70638314086439,92.4805906045718,804
2024-01-01 16:19:00,93.61417141240568,93.24354749557112,92.85880463726828,93.65362851358773,219
2024-01-01 16:20:00,93.2706498960818,92.82072036028876,92.65187211526145,92.3978932250064,16
2024-01-01 16:21:00,92.62027150221576,92.35004629519062,92.00263037519869,91.87937223009249,476
2024-01-01 16:22:00,92.2779004164069,92.2160096385083,92.05814482792042,92.08197298182597,593
2024-01-01 16:23:00,92.52679816956059,92.4479377589698,92.28693175285802,92.6798658794313,447
2024-01-01 16:24:00,93.68465158537053,93.28848544855008,93.16135418992256,94.12903313813035,269
2024-01-01 16:25:00,93.29495730124582,93.07971140127498,92.76438708226418,92.87093735399988,946
2024-01-01 16:26:00,92.58569701679673,92.46377837715632,92.35545646481283,91.84784535303766,295
2024-01-01 16:27:00,93.6473674638184,93.32186595715994,93.06584583929587,94.17995353716357,207
2024-01-01 16:28:00,94.17862050827814,93.84672839477226,93.68674635215233,94.37159083238457,750
2024-01-01 16:29:00,94.12863522494408,93.90656071210319,93.64701371598228,93.96639302943412,768
2024-01-01 16:30:00,93.67492862953827,93.53549752967164,93.25434400505864,93.1644343472401,886
2024-01-01 16:31:00,93.4462409622763,93.41532848377015,93.09944626696308,93.29515943786866,579
2024-01-01 16:32:00,93.98592368344973,93.7557216929356,93.39203380708544,94.09611490210104,564
2024-01-01 16:33:00,94.49762887533618,94.26665851988538,94.21299506861766,94.77759534683517,970
2024-01-01 16:34:00,95.11353850659873,95.0441095282114,94.95463319985608,95.8215605365374,149
2024-01-01 16:35:00,95.11566153709143,94.84416981418333,94.64394670681085,94.64423010015527,540
2024-01-01 16:36:00,94.11036698610329,93.9925218911881,93.87143158130446,93.14087396819288,296
2024-01-01 16:37:00,93.77336790336967,93.50700549156855,93.14032754325208,93.021489091949,519
2024-01-01 16:38:00,94.50348067240718,94.25768292721317,94.12205927016039,95.00836036285779,15
2024-01-01 16:39:00,94.05696297952119,93.83730829131783,93.49280606461477,93.41693365542248,544
2024-01-01 16:40:00,93.7475476032125,93.48885137295268,93.05225570157923,93.14039445458754,965
2024-01-01 16:41:00,93.52808348639243,93.20037942553778,93.19468012655258,92.91190747812287,13
2024-01-01 16:42:00,93.80463382808475,93.46867221473727,93.23380762235537,93.73696500393676,479
2024-01-01 16:43:00,93.44660394689998,93.11531180967887,92.69072402575297,92.76195140462048,58
2024-01-01 16:44:00,92.30109547534977,92.23490920905505,91.86170773780042,91.35450660843122,828
2024-01-01 16:45:00,91.6640967518344,91.5177544904529,91.4005567385902,90.80059977185076,902
2024-01-01 16:46:00,91.69133287785074,91.43554239300637,91.42163548787671,91.35333029555984,808
2024-01-01 16:47:00,91.97470328640277,91.72770687536894,91.42483356163845,92.0198713577315,714
2024-01-01 16:48:00,91.48693983351372,91.45785275439191,91.12842968150156,91.18799863341488,863
2024-01-01 16:49:00,91.09155768749967,90.93017248555566,90.70348707931292,90.40249221671941,774
2024-01-01 16:50:00,91.20806527347395,90.8238472561013,90.74647506706144,90.71752202664695,839
2024-01-01 16:51:00,91.51624989622805,91.20895727570844,90.77186223326777,91.59406729531558,152
2024-01-01 16:52:00,90.93354397915529,90.6453540659026,90.51285034646074,90.08175085609675,211
2024-01-01 16:53:00,91.4449698113618,91.1367086148747,90.86574142853723,91.62806316384682,621
2024-01-01 16:54:00,90.73373391727564,90.64066788659676,90.52654274519149,90.14462715831881,111
2024-01-01 16:55:00,90.3728261842994,89.99119955734908,89.69701100265588,89.3417312281014,641
2024-01-01 16:56:00,90.08304817650044,89.80740722429543,89.46698757561319,89.62361489124179,720
2024-01-01 16:57:00,90.06281009463362,89.95140965732513,89.69372889095872,90.09541209035483,849
2024-01-01 16:58:00,90.93560529952086,90.61688273294263,90.27743199163272,91.28235580856013,849
2024-01-01 16:59:00,90.27683152874904,89.89614620532694,89.62088807202427,89.17540967771126,176
2024-01-01 17:00:00,90.90420136249453,90.78331488194446,90.33538048140733,91.67048355856198,461
2024-01-01 17:01:00,90.73029346874746,90.67035231157132,90.24881683196071,90.55738974119818,387
2024-01-01 17:02:00,90.76978216428023,90.64102179807496,90.3362821098428,90.6116912845786,377
2024-01-01 17:03:00,91.12901495205162,90.87746639118357,90.5940550218746,91.11391098429219,315
2024-01-01 17:04:00,92.01303727771929,91.56409293645265,91.41229336464741,92.25071948172173,367
2024-01-01 17:05:00,91.22860165367322,91.00092299173527,90.57983722896317,90.43775304701788,902
2024-01-01 17:06:00,91.54781241984826,91.52641641670522,91.27034107385006,92.05190984167517,193
2024-01-01 17:07:00,90.79471394576458,90.78145170551885,90.63431004827552,90.03648699433248,244
2024-01-01 17:08:00,90.5543135845738,90.32094112544374,90.1545189332487,89.86043054536863,809
2024-01-01 17:09:00,90.23677111291285,90.12806388755283,89.94335244736173,89.93518664966192,166
2024-01-01 17:10:00,90.23148166485066,89.89858839379701,89.49718593993181,89.6691129000412,606
2024-01-01 17:11:00,90.042828343091,89.65705626587771,89.55892874176284,89.41552413795841,56
2024-01-01 17:12:00,89.52310682641728,89.26571480579817,88.95108656207677,88.87437334571862,526
2024-01-01 17:13:00,88.98511998766539,88.7276233189214,88.4067953278562,88.18953183204464,515
2024-01-01 17:14:00,88.567810844525,88.51694706587558,88.15787402530351,88.30627081282977,957
2024-01-01 17:15:00,89.17277727709691,88.96328611955546,88.83305671710913,89.40962517323534,781
2024-01-01 17:16:00,89.26171405088614,89.11459920930061,88.76048896984886,89.26591229904575,509
2024-01-01 17:17:00,88.47903869074449,88.4066301741442,88.01952532383093,87.69866113898779,940
2024-01-01 17:18:00,88.51675090694845,88.15511118778527,88.05270273281835,87.90359220142633,100
2024-01-01 17:19:00,89.02210175317413,88.85021289261428,88.7530809493409,89.5453145974433,277
2024-01-01 17:20:00,88.67709708843262,88.55923867711826,88.3780260871967,88.26826446162224,481
2024-01-01 17:21:00,89.24859325752594,89.02449569194175,88.6296407764021,89.48975270676524,717
2024-01-01 17:22:00,89.52861025661616,89.2459754761525,88.8868663933526,89.46745526036324,987
2024-01-01 17:23:00,89.25626617624422,88.99784739993765,88.92424823437638,88.74971932372281,500
2024-01-01 17:24:00,88.75218781653162,88.60316484794045,88.27230265762685,88.20848229594324,10
2024-01-01 17:25:00,88.72736229036391,88.39303574342769,87.9987582141921,88.18290663891493,346
2024-01-01 17:26:00,88.72555792636028,88.58553366500574,88.17831097860746,88.7780315865838,69
2024-01-01 17:27:00,89.06873468134701,89.01988787465905,89.01031301239894,89.45424208431236,878
2024-01-01 17:28:00,88.8794407428568,88.53291540938592,88.22795238549226,88.0459429441128,476
2024-01-01 17:29:00,88.53449049821316,88.2575433224603,88.1814941863791,87.98217123553466,741
2024-01-01 17:30:00,88.16272060690874,87.75439338877544,87.41977407987186,87.25124345509059,24
2024-01-01 17:31:00,88.07107841762844,87.95020031719035,87.57052508288655,88.14600724560526,828
2024-01-01 17:32:00,88.6943430177693,88.66109517961027,88.46563394921094,89.37199004203019,643
2024-01-01 17:33:00,88.18498946952103,87.99721015964239,87.94287384497669,87.33332513967451,326
2024-01-01 17:34:00,87.86311909478164,87.81835463861852,87.56375525729995,87.63949911759464,313
2024-01-01 17:35:00,88.72200737958482,88.64985388310038,88.64033341752109,89.48135312758224,453
2024-01-01 17:36:00,87.86644157950207,87.8245584872269,87.64400928411204,86.99926309135341,663
2024-01-01 17:37:00,87.80096703227363,87.36806857298328,87.30070471259836,86.91157865873966,954
2024-01-01 17:38:00,87.62987967196594,87.31812325123394,87.08491910153346,87.26817792948461,890
2024-01-01 17:39:00,86.84201541963228,86.52318259474383,86.16656602630057,85.72824193825372,875
2024-01-01 17:40:00,86.0641417004901,85.8905341034762,85.70022455746334,85.25788561220857,285
2024-01-01 17:41:00,85.93884942633333,85.66924983933083,85.3316542487284,85.44796557518546,892
2024-01-01 17:42:00,86.33745545041002,85.95702626110437,85.58115726717818,86.24480268287792,414
2024-01-01 17:43:00,85.82337403154945,85.60067945113656,85.5872523075983,85.24433264116874,941
2024-01-01 17:44:00,86.37696265273347,86.29952847164073,86.04840898128761,86.9983774921449,963
2024-01-01 17:45:00,87.0202229039647,86.94665084274445,86.51344380112864,87.59377321384817,421
2024-01-01 17:46:00,86.90203530399012,86.75069232030552,86.6536465805939,86.55473379786659,463
2024-01-01 17:47:00,86.75245407486665,86.39972314613065,86.17296464931925,86.04875397195579,563
2024-01-01 17:48:00,86.68686222991091,86.49144576381362,86.17361930195746,86.58316838149658,449
2024-01-01 17:49:00,86.06669868842515,85.81448652290986,85.7073880529042,85.1375272820061,713
2024-01-01 17:50:00,86.91222923783305,86.60100538442966,86.1754550984791,87.38752424594945,631
2024-01-01 17:51:00,87.60274486888689,87.24638140818868,87.20876311342373,87.89175743194771,457
2024-01-01 17:52:00,86.83770390568976,86.62869704177538,86.39541056644566,86.01101267536208,687
2024-01-01 17:53:00,87.70157414130065,87.27232321841389,86.97198181471985,87.9159493950524,362
2024-01-01 17:54:00,87.89132162063397,87.75585538806816,87.44528352382942,88.23938755772242,544
2024-01-01 17:55:00,87.43046540482644,87.36301503608152,87.316989167314,86.97017468409489,267
2024-01-01 17:56:00,87.90841295284179,87.4850605243253,87.35141056849582,87.60710601256909,767
2024-01-01 17:57:00,87.53234442437657,87.42731049446911,87.12675842396953,87.36956046461292,735
2024-01-01 17:58:00,87.01936151787784,86.9267269609959,86.58672527357756,86.42614342752267,427
2024-01-01 17:59:00,87.23300758552746,87.1789916161366,86.973950871858,87.4312562712773,539
2024-01-01 18:00:00,87.1873742787555,87.01325136177054,86.91063922783903,86.84751110740449,34
2024-01-01 18:01:00,87.40288101991939,87.09672751774163,86.73960693188658,87.18020367371271,429
2024-01-01 18:02:00,88.31343731681038,87.96000084837354,87.6831253821684,88.82327417900545,279
2024-01-01 18:03:00,89.04910648281472,88.67980144406269,88.43768221509872,89.39960203975184,658
2024-01-01 18:04:00,88.62458391291167,88.21293415562201,88.07621768298466,87.74606686718133,559
2024-01-01 18:05:00,88.75942602462976,88.64951236385741,88.49795995863433,89.08609057209281,85
2024-01-01 18:06:00,88.27783065566437,88.14217328689656,87.90464569539778,87.63483420993572,404
2024-01-01 18:07:00,88.08116044948166,87.78040586877549,87.43196028850707,87.41863845065441,899
2024-01-01 18:08:00,87.0727539337383,87.04816748365396,86.89579609721756,86.31592909853242,307
2024-01-01 18:09:00,87.2454099223167,86.91769080550722,86.5019354450363,86.78721412736049,139
2024-01-01 18:10:00,87.25118965337464,87.02316417085078,86.73948317884675,87.12863753619433,185
2024-01-01 18:11:00,87.46192637043465,87.27693881505859,87.03432686629262,87.5307134592664,921
2024-01-01 18:12:00,87.29494953105369,87.06369661237905,86.65558249599535,86.85045440969951,571
2024-01-01 18:13:00,87.32617816928813,87.00743625500932,86.92234683561024,86.9511758976396,783
2024-01-01 18:14:00,88.12832415712126,87.78017673942333,87.62866474963167,88.55291722383733,72
2024-01-01 18:15:00,87.66787760620825,87.64906592595442,87.36489847548809,87.51795511248551,120
2024-01-01 18:16:00,87.31303611392187,87.16416808959495,86.96858015727027,86.67927025323549,805
2024-01-01 18:17:00,87.93850625300209,87.58217114556095,87.21208983988234,88.00017420152695,840
2024-01-01 18:18:00,87.77810777989198,87.51275977546787,87.316219676028,87.44334840537479,833
2024-01-01 18:19:00,88.05384980719138,87.99921603503383,87.92229730513131,88.48567229459978,181
2024-01-01 18:20:00,88.53927899421933,88.2047326503268,87.82017606629975,88.41024926561978,993
2024-01-01 18:21:00,88.30437694293437,88.13562277182926,87.81555843723848,88.06651289333172,684
2024-01-01 18:22:00,88.90790555219617,88.7054543034901,88.44466899547206,89.27528583515094,173
2024-01-01 18:23:00,88.93688062343958,88.87661512097233,88.85215767500289,89.04777593845456,179
2024-01-01 18:24:00,88.62797277678106,88.61648578847235,88.49513495782791,88.35635645597236,77
2024-01-01 18:25:00,89.14004194383914,89.05301551407618,89.02018596595154,89.48954523968001,580
2024-01-01 18:26:00,88.47697263172113,88.18737501191781,88.1157999551266,87.32173450975944,642
2024-01-01 18:27:00,88.87093500309827,88.75966150418878,88.7244170383105,89.33194799645976,125
2024-01-01 18:28:00,88.7448699983991,88.52742072531096,88.40860848913653,88.29517994643314,533
2024-01-01 18:29:00,88.17704188726117,87.76409297587809,87.72144249174015,87.00076522644521,935
2024-01-01 18:30:00,88.04997294287847,87.64786341951019,87.4518680141484,87.53163386314229,789
2024-01-01 18:31:00,87.61875790044323,87.30429065293889,87.11539168166527,86.96071788636759,132
2024-01-01 18:32:00,86.50923647142618,86.48665033631144,86.44548905312766,85.669010019684,948
2024-01-01 18:33:00,87.31822575377127,86.90983319981706,86.78054797704577,87.33301606332267,638
2024-01-01 18:34:00,87.16632576149433,86.95131676340131,86.89897545329038,86.99280032698556,758
2024-01-01 18:35:00,87.86733519882817,87.71458657640655,87.57839551647959,88.47785638941178,659
2024-01-01 18:36:00,88.62327136357824,88.54536729848381,88.38367230392484,89.37614802056108,941
2024-01-01 18:37:00,88.8720558296522,88.74506615677865,88.69892387383649,88.94476501507349,103
2024-01-01 18:38:00,88.44685861166023,88.32716041386685,87.93375903855394,87.90925467095505,791
2024-01-01 18:39:00,87.71138545984378,87.51880052248032,87.28153448327265,86.71044063109379,679
2024-01-01 18:40:00,87.59471935112491,87.52946160521562,87.50689037101786,87.54012268795091,370
2024-01-01 18:41:00,87.49744593256499,87.20325813162921,87.14157089370478,86.87705465804281,351
2024-01-01 18:42:00,86.82853857170963,86.75920051711059,86.3718477024875,86.31514290259196,843
2024-01-01 18:43:00,86.50889651545897,86.31371815234361,86.17845671914938,85.86823578757664,90
2024-01-01 18:44:00,86.54472184290069,86.36275666694723,86.23556381163245,86.41179518155086,576
2024-01-01 18:45:00,86.85439353215695,86.75629853894489,86.68582183470654,87.14984041094255,185
2024-01-01 18:46:00,86.3716107655045,86.10009509115724,85.98233185023363,85.4438916433696,726
2024-01-01 18:47:00,87.04076667669823,86.79586149637835,86.72990282122717,87.49162790159946,871
2024-01-01 18:48:00,86.6141944647627,86.38239987784112,86.16213043486451,85.9689382593039,35
2024-01-01 18:49:00,86.50864952735073,86.41834217879145,86.08951889428607,86.45428447974177,93
2024-01-01 18:50:00,87.42184318611635,87.1452919641588,87.07472489805389,87.87224174952615,111
2024-01-01 18:51:00,87.22285387575668,86.9365418489486,86.82773166016288,86.72779173373839,709
2024-01-01 18:52:00,87.13353709690107,86.99571564267816,86.8533126509864,87.05488943640773,296
2024-01-01 18:53:00,87.74848256344458,87.6410154966087,87.4786671090526,88.28631535053924,337
2024-01-01 18:54:00,87.61311711476202,87.57775373272864,87.56680686734596,87.51449196884857,958
2024-01-01 18:55:00,88.27950385885218,87.84157664054779,87.47914624617779,88.10539954836693,207
2024-01-01 18:56:00,88.35720594336183,88.1677678924128,88.07474837643912,88.49395914427781,869
2024-01-01 18:57:00,87.80044302211266,87.62788840365344,87.23825243165889,87.08800891489409,556
2024-01-01 18:58:00,88.35452508046409,87.96530819594823,87.57696944380712,88.302727988243,582
2024-01-01 18:59:00,88.60343621610329,88.18678534422742,88.05580518167422,88.40826249250661,941
2024-01-01 19:00:00,87.9295709151699,87.63642761915547,87.20729756640397,87.08606989408352,522
2024-01-01 19:01:00,88.36741710689726,87.95613256195037,87.91542382132752,88.27583750474527,133
2024-01-01 19:02:00,88.97534220516447,88.53453025907552,88.19202683216784,89.11292795620068,629
2024-01-01 19:03:00,88.91082988521106,88.48415832022732,88.07627013382218,88.43378638137912,862
2024-01-01 19:04:00,89.68119230113473,89.2852850359697,89.13536023190079,90.08641175171206,584
2024-01-01 19:05:00,90.33821748586776,90.1039301794951,89.95614473954775,90.9225753230205,711
2024-01-01 19:06:00,89.44253036360642,89.23658326386655,88.84427185854531,88.369236348238,292
2024-01-01 19:07:00,89.75351183945527,89.34278004376928,89.17959103663975,89.44897682367201,356
2024-01-01 19:08:00,88.9175781597975,88.77102464624681,88.46635006689428,88.19926924872435,841
2024-01-01 19:09:00,88.68006877045342,88.56756759764724,88.15133573018504,88.36411054904767,396
2024-01-01 19:10:00,89.68529372971929,89.30225623919084,89.15194000931851,90.03694488073444,927
2024-01-01 19:11:00,90.36629090677597,90.09848675537899,89.74237664317354,90.89471727156713,74
2024-01-01 19:12:00,90.74279516592325,90.39376097961299,90.00557916689908,90.689035203847,993
2024-01-01 19:13:00,91.15640867859653,90.72074513312883,90.51912501533018,91.04772928664467,247
2024-01-01 19:14:00,91.08189658819174,90.89580296956983,90.77269781818586,91.07086080601083,540
2024-01-01 19:15:00,90.90145031241187,90.79971548100629,90.68944919699327,90.70362799244275,676
2024-01-01 19:16:00,90.97974791402395,90.95128513151295,90.78974525559325,91.1028547820196,319
2024-01-01 19:17:00,91.05362868632407,90.95939995546907,90.76512173434324,90.96751477942519,910
2024-01-01 19:18:00,91.61534390977977,91.60005015293713,91.53556232796397,92.24070035040519,586
2024-01-01 19:19:00,91.29482560394084,91.10504125954854,90.78654188301046,90.61003236615996,83
2024-01-01 19:20:00,92.28207924832185,91.8529566830367,91.56574990277767,92.60087210652485,108
2024-01-01 19:21:00,91.40235430093942,91.3799717423368,91.05066286661722,90.90698680163692,558
2024-01-01 19:22:00,92.46586648283274,92.14805668819322,91.76169540081008,92.91614163404964,898
2024-01-01 19:23:00,93.06534772504702,92.88021598260613,92.67224363013301,93.61237527701904,270
2024-01-01 19:24:00,94.13529476405523,93.69335129738488,93.32692651301504,94.50648661216363,807
2024-01-01 19:25:00,93.13182336859572,92.79563794971534,92.72982004634083,91.8979246020458,710
2024-01-01 19:26:00,92.23021936880197,91.87168435681843,91.6967307094876,90.94773076392153,755
2024-01-01 19:27:00,91.37990529432494,91.35546316036249,91.20042766021999,90.83924196390655,592
2024-01-01 19:28:00,91.84872232316276,91.59930676805489,91.22485448800316,91.84315037574729,721
2024-01-01 19:29:00,91.2454111125949,90.89803022347033,90.54626386338039,90.19675367888577,656
2024-01-01 19:30:00,91.8137359763305,91.68775081166032,91.40005334181625,92.47747139985032,545
2024-01-01 19:31:00,91.80668192354402,91.58589279524858,91.43126861269299,91.48403477883684,128
2024-01-01 19:32:00,92.11605871209005,91.71980354616663,91.27030892544676,91.85371429708468,429
2024-01-01 19:33:00,92.57789650747752,92.51507869810858,92.42809829001973,93.31035385005053,118
2024-01-01 19:34:00,91.76929956330407,91.64520169601072,91.43247538563324,90.77532469391285,230
2024-01-01 19:35:00,92.04407432029994,91.77890236844715,91.64017887808518,91.91260304088358,577
2024-01-01 19:36:00,92.5051038307652,92.05138344338074,91.99468986428793,92.32386451831434,707
2024-01-01 19:37:00,91.83694550081107,91.70706356782306,91.58187096300529,91.36274369226537,646
2024-01-01 19:38:00,92.10011948692065,91.94917768304026,91.92835967148564,92.19129179825747,654
2024-01-01 19:39:00,92.12488488315557,92.10412415429708,91.9054620822008,92.2590706255539,77
2024-01-01 19:40:00,92.65306704076377,92.40104497099664,92.275880896625,92.69796578769619,960
2024-01-01 19:41:00,93.70893699454962,93.2900122902991,93.14278097945915,94.17897960960157,822
2024-01-01 19:42:00,93.06968168442808,92.87702489371723,92.51016115809968,92.46403749713537,56
2024-01-01 19:43:00,93.00973537400537,92.86468085613092,92.43183998232907,92.8523368185446,51
2024-01-01 19:44:00,92.83446428152246,92.6915457143255,92.3852378924775,92.51841057252008,262
2024-01-01 19:45:00,93.67724950865778,93.27189644691646,92.99872069369164,93.85224717950742,539
2024-01-01 19:46:00,94.16370953962222,93.99854796043424,93.63761154984495,94.72519947395202,802
2024-01-01 19:47:00,93.99455492757839,93.8908888159587,93.66185693560651,93.78322967148317,301
2024-01-01 19:48:00,93.65751138388977,93.31633022170753,93.09552976335355,92.74177162745636,948
2024-01-01 19:49:00,93.619865313656,93.55554893480003,93.47918792176728,93.79476764789253,300
2024-01-01 19:50:00,94.78638553529635,94.48114117010971,94.41598759471488,95.40673340541939,888
2024-01-01 19:51:00,95.58361377879686,95.17149886923396,94.77610807944062,95.8618565683582,818
2024-01-01 19:52:00,95.51579182842276,95.49984557402132,95.36403707891252,95.82819227880869,410
2024-01-01 19:53:00,95.20397218346719,94.9709414835575,94.76503617069963,94.44203739309367,249
2024-01-01 19:54:00,96.30534163204311,95.88949469522392,95.803555061496,96.80804790689034,324
2024-01-01 19:55:00,95.69758904472377,95.52563829501987,95.40909190716128,95.16178189481583,358
2024-01-01 19:56:00,96.59975632158364,96.1815605461122,95.84421451651725,96.83748279720452,148
2024-01-01 19:57:00,95.88701916487058,95.59987797036653,95.26521457864321,95.01819539462088,986
2024-01-01 19:58:00,95.03849055618346,94.92321975143362,94.54191127542458,94.2465615325007,537
2024-01-01 19:59:00,94.95259453965659,94.68637873182821,94.40676158739883,94.4495377122228,348
2024-01-01 20:00:00,94.86382742921441,94.53912978393807,94.49318740450579,94.39188083604792,2
2024-01-01 20:01:00,95.43889056310759,95.30098899193615,94.88456267126902,96.06284819993424,748
2024-01-01 20:02:00,96.1834273293183,95.88878911645192,95.6994110658054,96.47658924096768,714
2024-01-01 20:03:00,96.40731214335852,95.93135581751973,95.84926080774521,95.97392251858754,626
2024-01-01 20:04:00,96.03239854071232,95.60525035379347,95.37374793322186,95.2791448900672,478
2024-01-01 20:05:00,96.1859708261761,95.71765789673532,95.34548718741742,95.83006543967717,939
2024-01-01 20:06:00,95.44340916175453,95.14244961468937,94.8517510662545,94.56724133264342,95
2024-01-01 20:07:00,95.96611678016117,95.91026089445336,95.47865457411353,96.67807217421735,482
2024-01-01 20:08:00,96.46694398811944,96.32113550136746,96.21867705762179,96.73201010828157,988
2024-01-01 20:09:00,97.03947991329703,96.56330985462294,96.2754242177713,96.80548420787842,986
2024-01-01 20:10:00,97.79701157878502,97.42088112470739,96.96359020560176,98.27845239479184,655
2024-01-01 20:11:00,97.451198150444,97.15296071598047,96.67801103654199,96.88504030725355,536
2024-01-01 20:12:00,97.64464861352627,97.41396470072023,96.99095392011365,97.67496868545999,626
2024-01-01 20:13:00,97.08866224883256,96.7624595497329,96.44572035816296,96.11095439874556,934
2024-01-01 20:14:00,96.94854363832731,96.60676841151842,96.57507385198538,96.45107727330394,645
2024-01-01 20:15:00,97.24052052082467,97.04409833621814,96.95718055619454,97.48142826091787,575
2024-01-01 20:16:00,98.3581823396096,97.92205572469418,97.69248718632578,98.80001311317021,658
2024-01-01 20:17:00,98.58949228775951,98.58645528440066,98.25476491981598,99.25085484410714,375
2024-01-01 20:18:00,98.49178749586898,98.18585964964899,97.80945360109702,97.78526401489732,164
2024-01-01 20:19:00,99.47435337300507,99.15184139347821,98.70924542986845,100.11782313730743,379
2024-01-01 20:20:00,99.53886788008784,99.05192061657846,98.57311920276099,98.9519998396787,406
2024-01-01 20:21:00,99.90324324266815,99.84657317028379,99.6993870070195,100.64122572398912,858
2024-01-01 20:22:00,99.03226017069159,98.85800714863154,98.65210360133817,97.8694411269793,158
2024-01-01 20:23:00,100.02193841570175,99.71482487204494,99.5363283200707,100.57164259545834,47
2024-01-01 20:24:00,100.43828831725739,100.20092216318112,99.97278015818858,100.6870194543173,231
2024-01-01 20:25:00,100.78329526025792,100.54848606014298,100.42873440229936,100.89604995710484,601
2024-01-01 20:26:00,100.85235421417312,100.66267238717064,100.36174096347686,100.77685871419831,211
2024-01-01 20:27:00,100.08177877607598,100.03799777894497,99.89367487528173,99.4133231707193,696
2024-01-01 20:28:00,99.67778843209301,99.6727376935092,99.50528500274389,99.30747760807344,665
2024-01-01 20:29:00,99.1108392284535,99.09247105813503,98.91634398977156,98.51220442276086,734
2024-01-01 20:30:00,98.87256006675976,98.38343633635682,98.27195435520838,97.67440161457861,581
2024-01-01 20:31:00,98.46017355004082,98.10254306765756,97.82015598255543,97.8216497989583,918
2024-01-01 20:32:00,98.09376219312195,97.65661523895486,97.2107960911195,97.21068741025215,469
2024-01-01 20:33:00,98.41152350595267,98.18468915797227,98.02436613804936,98.71276307698969,237
2024-01-01 20:34:00,98.56808445800048,98.12389219591027,97.7674189351169,98.06309523384827,40
2024-01-01 20:35:00,98.97643016841623,98.76616196343387,98.71559601913124,99.40843173095747,485
2024-01-01 20:36:00,99.5328745210714,99.14442203470661,98.6688827548005,99.52268210597934,383
2024-01-01 20:37:00,98.9929536325503,98.95193196962586,98.88992221386933,98.75944190454511,85
2024-01-01 20:38:00,98.91516521902514,98.68113940490736,98.29176006098236,98.41034684018885,842
2024-01-01 20:39:00,98.24895949722884,98.17606823479272,98.05054676086502,97.67099706467809,719
2024-01-01 20:40:00,98.47733858483872,98.11366612153506,98.03351492612252,98.0512640082774,366
2024-01-01 20:41:00,97.5372054014527,97.18014208780839,96.77862485817538,96.24661805408172,777
2024-01-01 20:42:00,96.37292723152383,96.33163716692862,95.97759587046504,95.48313224604884,640
2024-01-01 20:43:00,95.80845137247786,95.67890863620141,95.58231798100721,95.02618010547421,552
2024-01-01 20:44:00,95.73483426108797,95.65212810880094,95.56127581910125,95.62534758140046,199
2024-01-01 20:45:00,95.38207246398918,95.2000846850254,94.80645791853259,94.74804126124987,181
2024-01-01 20:46:00,94.82274032871862,94.45288220662435,94.09575493440703,93.7056797282233,41
2024-01-01 20:47:00,94.99824393214244,94.86303227550255,94.64008469814021,95.27318234438074,945
2024-01-01 20:48:00,95.53768521240234,95.3141345274919,95.06633535865744,95.76523677948126,125
2024-01-01 20:49:00,95.70060528724527,95.56937213835656,95.37844995373032,95.82460974922121,811
2024-01-01 20:50:00,95.87255895046664,95.61108569204325,95.50561136258605,95.65279924572994,972
2024-01-01 20:51:00,95.66034189821434,95.54445920587075,95.36176431191238,95.47783271969826,639
2024-01-01 20:52:00,95.28207703423548,95.11386938411972,94.92893267029737,94.6832795623687,853
2024-01-01 20:53:00,94.92197932500483,94.67655688730572,94.25165673743139,94.23924439049172,489
2024-01-01 20:54:00,94.84356299829261,94.68536830998003,94.58974006335005,94.69417973265435,753
2024-01-01 20:55:00,95.26986847873859,95.09102900882417,95.02829464185693,95.4966897076683,44
2024-01-01 20:56:00,95.43133364739825,95.4185603052687,94.9654025441461,95.74609160171323,447
2024-01-01 20:57:00,94.80361535834146,94.78213845510696,94.65699445330038,94.14571660494522,980
2024-01-01 20:58:00,94.4193586722223,94.08756524161451,94.04419817199056,93.39299202812207,126
2024-01-01 20:59:00,94.71507194337316,94.49165811404372,94.38299148744538,94.89575098647292,783
2024-01-01 21:00:00,94.13437777986914,93.88387110805095,93.6640225903952,93.27608410205819,455
2024-01-01 21:01:00,94.0664168603415,93.65612582130541,93.53296420523094,93.42838053455986,604
2024-01-01 21:02:00,94.7896089176464,94.41553889877312,94.30278272156676,95.17495197624083,632
2024-01-01 21:03:00,95.25197130937502,95.00891355402285,94.78011424954863,95.60228820927259,326
2024-01-01 21:04:00,96.10457404615012,95.6810019335004,95.54351244129614,96.35309031297794,348
2024-01-01 21:05:00,94.8457540222539,94.7756570128062,94.6610193880321,93.87031209211202,979
2024-01-01 21:06:00,96.0086920649661,95.71063801982851,95.63970972115122,96.64561902685081,212
2024-01-01 21:07:00,96.45351236506608,96.39804354891659,96.31015562363578,97.08544907800467,787
2024-01-01 21:08:00,97.33966241568326,97.19465302062336,96.87959698482308,97.99126249233014,153
2024-01-01 21:09:00,97.53397795326215,97.44865297644377,97.40795683903828,97.70265293226417,800
2024-01-01 21:10:00,97.44653962096977,97.14808884418952,96.82224047775308,96.84752471193526,415
2024-01-01 21:11:00,97.76442930807143,97.34031369620492,97.17614196699351,97.53253854822032,777
2024-01-01 21:12:00,96.58017311049647,96.38546997032137,96.15985736336411,95.43062624443782,442
2024-01-01 21:13:00,96.43749682723957,96.22121947941022,95.98949087783495,96.05696898849908,140
2024-01-01 21:14:00,96.54568074085275,96.41127909324588,96.32166924828522,96.60133870708154,300
2024-01-01 21:15:00,97.6922731491152,97.25530162943609,96.99879199730695,98.0993241656263,982
2024-01-01 21:16:00,97.84489496578438,97.74103383345575,97.71469766962844,98.2267660374754,857
2024-01-01 21:17:00,98.13013375343283,98.05240309347946,97.70153744841586,98.36377235350317,158
2024-01-01 21:18:00,97.84427028114955,97.45142596588708,97.16431670411068,96.85044883829471,147
2024-01-01 21:19:00,96.62245838588925,96.56845466132854,96.23634312797779,95.68548335677,571
2024-01-01 21:20:00,97.34968551509444,97.2664812165741,97.05433507267949,97.96450777181967,31
2024-01-01 21:21:00,97.033821597123,96.88606550161288,96.57002314640914,96.50564978665165,982
2024-01-01 21:22:00,96.59682828697662,96.48730214180189,96.22349914396447,96.0885387819909,813
2024-01-01 21:23:00,97.44979651078619,97.27991114457221,97.23309665708577,98.07252014734253,913
2024-01-01 21:24:00,96.72427995230943,96.39982138644515,96.191160093293,95.5197316283181,893
2024-01-01 21:25:00,96.34488259583509,96.11544154537961,95.68952470261996,95.83106170431407,848
2024-01-01 21:26:00,97.14036256289106,97.00887932058357,96.88869391369316,97.90231709578754,768
2024-01-01 21:27:00,97.29609310009822,97.1147010344222,97.08843282147674,97.22052274826082,961
2024-01-01 21:28:00,98.18298648049016,97.96596091076553,97.80510310201629,98.81722078710887,257
2024-01-01 21:29:00,99.00673545053546,98.52041258310217,98.23297750189336,99.07486425543881,431
2024-01-01 21:30:00,99.35550856737795,99.21086746889661,98.73054257356885,99.90132235469105,41
2024-01-01 21:31:00,99.9115487637878,99.51301886343333,99.10914827040752,99.81517025797005,196
2024-01-01 21:32:00,99.54906604011938,99.48090587358706,99.17652336136126,99.4487928837408,662
2024-01-01 21:33:00,99.66560730490464,99.21003193325623,99.09767069047469,98.9391579929254,642
2024-01-01 21:34:00,99.96180875787849,99.60940880022706,99.53458740169,100.00878566719788,395
2024-01-01 21:35:00,100.15412102114082,99.91135534239021,99.47600255804981,100.21330188455336,149
2024-01-01 21:36:00,99.1650734693668,98.9745727514905,98.94771973501499,98.03779016059079,21
2024-01-01 21:37:00,98.79179865458511,98.53717157197808,98.20453402061227,98.09977039246566,887
2024-01-01 21:38:00,98.78004135757122,98.65499602745065,98.5883735244479,98.77282048292322,595
2024-01-01 21:39:00,98.35080070854274,98.1431559039804,97.75844983505125,97.63131578051015,349
2024-01-01 21:40:00,98.63151924623168,98.59070096937114,98.50527470422823,99.03824603476188,943
2024-01-01 21:41:00,99.45870538272742,99.00142857551569,98.84335894046743,99.41215618166024,360
2024-01-01 21:42:00,98.76814201577982,98.69011034821729,98.24454906439789,98.37879212091889,609
2024-01-01 21:43:00,98.33992799531298,98.07243635535465,97.87733265394588,97.45476236249202,157
2024-01-01 21:44:00,98.43696098887743,98.13091522927638,97.93005289919456,98.18939410319811,804
2024-01-01 21:45:00,97.2450937271381,97.2190993961357,96.79590871097228,96.30728356299502,313
2024-01-01 21:46:00,96.82404399988546,96.67296347847228,96.34266169722055,96.12682756080886,508
2024-01-01 21:47:00,96.59508803589605,96.54779111580511,96.42273539799525,96.42261875313794,310
2024-01-01 21:48:00,96.22349553699208,95.76266566682261,95.54655492152024,94.97754021784012,401
2024-01-01 21:49:00,96.33394467200426,96.20766820615698,96.12120756164063,96.65267074549135,483
2024-01-01 21:50:00,96.71118356705098,96.57998660438285,96.4348797269252,96.95230500260872,329
2024-01-01 21:51:00,97.50628460629106,97.41136298674449,97.39868400473685,98.24273936910613,646
2024-01-01 21:52:00,97.65585794693791,97.29183059243316,96.82043485811448,97.17229819812182,828
2024-01-01 21:53:00,97.70500641858179,97.6432976918127,97.41712955526896,97.99476479119225,2
2024-01-01 21:54:00,98.15450820387919,97.73154605821601,97.25232710670664,97.81979442461932,676
2024-01-01 21:55:00,98.01186461733042,97.55824069135647,97.27634359580821,97.38493532449694,802
2024-01-01 21:56:00,96.80318357187487,96.7855273338188,96.60450630419747,96.01281397628114,542
2024-01-01 21:57:00,96.72124283660148,96.41554621002732,96.32700193832822,96.04556508623583,617
2024-01-01 21:58:00,96.17901620706115,96.05028762069894,95.60842983622699,95.68502903137056,889
2024-01-01 21:59:00,95.39106493705933,95.32911372964072,95.26665928690602,94.60793983858251,437
2024-01-01 22:00:00,94.53356640669172,94.51269197566656,94.1972112046071,93.69627022169239,21
2024-01-01 22:01:00,94.83762524114978,94.81098602574033,94.44828511145711,95.10928007581411,956
2024-01-01 22:02:00,95.47152739727758,95.26572423729161,95.26383537052502,95.72046244884288,172
2024-01-01 22:03:00,95.62734116009457,95.42135033208334,95.25614313901501,95.57697642687506,730
2024-01-01 22:04:00,96.20078841171721,95.93863069378631,95.59674002928324,96.45591105548928,687
2024-01-01 22:05:00,95.71080264205281,95.58719883047127,95.15949785325353,95.23576696715622,158
2024-01-01 22:06:00,96.2034406026068,95.93068343625195,95.81711936059436,96.27416804203264,275
2024-01-01 22:07:00,96.52640149402497,96.39122283668954,95.9718862475126,96.85176223712712,699
2024-01-01 22:08:00,97.61023124841572,97.20903888275546,96.83787043663315,98.0268549288214,14
2024-01-01 22:09:00,97.69219090454126,97.22883278177274,96.92734663410663,97.24862668079001,840
2024-01-01 22:10:00,97.19775570793254,97.09904934754904,97.04256821147737,96.96926591332534,68
2024-01-01 22:11:00,96.24150776043899,96.19704967456786,96.07619791092341,95.29505000158669,325
2024-01-01 22:12:00,96.72829910804397,96.53924445899466,96.10077964029696,96.88143924342145,245
2024-01-01 22:13:00,96.33227765245573,96.18594069684174,96.13939926061697,95.83263693468882,523
2024-01-01 22:14:00,96.73360204118518,96.58896637670901,96.44465639106208,96.99199205657628,127
2024-01-01 22:15:00,96.41692659401188,96.2013134450257,95.90428538646118,95.8136605133424,739
2024-01-01 22:16:00,97.50981820202558,97.15875262334822,96.98756340418925,98.11619180167074,639
2024-01-01 22:17:00,97.41734703189263,96.99362482588171,96.94151006710139,96.8284970284152,387
2024-01-01 22:18:00,98.0312578012612,97.72271873623482,97.67388581085052,98.45181264658794,645
2024-01-01 22:19:00,98.07007160938942,97.88034964232963,97.67909300387456,98.03798054842444,828
2024-01-01 22:20:00,97.86960049583078,97.8549489168848,97.78656656345768,97.82954819143995,378
2024-01-01 22:21:00,98.93162489475044,98.45288956578959,98.18939554346359,99.05083021469439,135
2024-01-01 22:22:00,99.02404849577209,98.66808595018634,98.33828971282713,98.88328233458309,940
2024-01-01 22:23:00,97.90776948557058,97.89672405538732,97.53802608877164,97.12536216058831,118
2024-01-01 22:24:00,99.17235914025072,98.76012405908041,98.41675145032538,99.6235240627735,35
2024-01-01 22:25:00,99.67206591689981,99.18423537793498,98.91521086581484,99.60834669678955,770
2024-01-01 22:26:00,98.70610047296633,98.2446802669721,98.12333875497218,97.30512515600921,971
2024-01-01 22:27:00,99.03395041971469,98.54758072559484,98.12952688298832,98.85048118421759,572
2024-01-01 22:28:00,98.04649171710278,98.01468359216952,97.71936775390888,97.4817864587442,292
2024-01-01 22:29:00,98.38221189896736,97.89809639570409,97.64507001461338,97.78150919923866,175
2024-01-01 22:30:00,98.84701809684977,98.66602462569715,98.25307041844208,99.43395285569021,105
2024-01-01 22:31:00,98.77385946939071,98.51912960603624,98.25790336781122,98.37223458637534,295
2024-01-01 22:32:00,99.95802112574259,99.49855075247322,99.24239538571847,100.4779718989102,524
2024-01-01 22:33:00,99.00606708401756,98.73950055583981,98.5519454771867,97.9804503592064,600
2024-01-01 22:34:00,98.8127735551658,98.75669264728532,98.31660356726441,98.77388473873083,308
2024-01-01 22:35:00,99.51562893069146,99.40099917429967,99.05860672060864,100.04530570131402,728
2024-01-01 22:36:00,99.09418741335789,98.9024625109759,98.6906710557449,98.40392584765212,982
2024-01-01 22:37:00,99.69602186117096,99.40349148794495,99.01214901256697,99.904520464914,78
2024-01-01 22:38:00,99.72807226212097,99.5964823009463,99.22045363285423,99.78947311394766,371
2024-01-01 22:39:00,99.16162149490222,98.81671427464177,98.66135810826583,98.03694624833723,405
2024-01-01 22:40:00,98.4024250096006,97.94041469198768,97.73656622011751,97.0641151093336,269
2024-01-01 22:41:00,97.93073326089355,97.70341213106317,97.69364726277368,97.46640957013867,42
2024-01-01 22:42:00,98.7026892735848,98.49740865571792,98.01912341379592,99.29140518037266,8
2024-01-01 22:43:00,99.4145723612401,99.3050420546255,99.16923991077469,100.11267545353309,497
2024-01-01 22:44:00,99.12552163245554,98.86673068897166,98.82581829661058,98.42841932331781,781
2024-01-01 22:45:00,99.48161112787122,99.12322800957816,98.99930052664189,99.37972533018466,270
2024-01-01 22:46:00,100.12352161551948,99.95126233805586,99.79262022214735,100.77929666653355,911
2024-01-01 22:47:00,100.82015546205297,100.51102644802663,100.33979643607199,101.0707905579974,703
2024-01-01 22:48:00,100.91702307997758,100.87734335595118,100.77401336831491,101.24366026387574,519
2024-01-01 22:49:00,101.36881658252221,100.95042960227876,100.59938873297796,101.02351584860634,958
2024-01-01 22:50:00,101.64486529903536,101.26657996575608,101.1571590686698,101.5827303292334,204
2024-01-01 22:51:00,100.47046118189002,100.4336400943905,100.08282093476207,99.60070022302492,280
2024-01-01 22:52:00,101.81072250957702,101.39429459272243,101.08167039822786,102.35494909105437,833
2024-01-01 22:53:00,102.13597074831533,101.78448262389892,101.51451221502383,102.17467065507542,612
2024-01-01 22:54:00,101.00390027354727,100.85854301309251,100.82303102214699,99.9326034022861,744
2024-01-01 22:55:00,101.01903508942324,100.91791047767303,100.62431874641545,100.97727794225355,540
2024-01-01 22:56:00,101.55306622744286,101.10383005441845,100.96582484443495,101.28974963116387,362
2024-01-01 22:57:00,102.03381382002996,101.5808335701509,101.4830617687739,102.05783708588335,143
2024-01-01 22:58:00,102.53211149910278,102.32010093369519,102.26725549953353,103.05936829723947,828
2024-01-01 22:59:00,102.94788350598976,102.64863987519763,102.29506860090322,102.97717881670008,996
2024-01-01 23:00:00,103.25652862276948,103.03768366625239,102.8186178842022,103.42672745730715,558
2024-01-01 23:01:00,103.5197054859629,103.23270273334168,102.97007559861571,103.42772180043097,878
2024-01-01 23:02:00,104.23974913273926,103.72865797942445,103.21796281469827,104.22461322550723,758
2024-01-01 23:03:00,104.40417334197602,104.20384137070198,104.1462005471814,104.6790247619795,873
2024-01-01 23:04:00,103.97846326117647,103.86504558008312,103.52047340765387,103.52624978946426,440
2024-01-01 23:05:00,104.19534097039934,104.03875251227913,103.75123515460888,104.21245944447514,400
2024-01-01 23:06:00,104.21222741505794,103.79563622332167,103.4644886514212,103.5525199343642,604
2024-01-01 23:07:00,104.41033386045926,104.23405282584505,104.02904271590668,104.67246942836844,578
2024-01-01 23:08:00,104.44098808621352,104.24497504385347,103.74897907471181,104.25589726186189,671
2024-01-01 23:09:00,103.29148564468105,103.2054782276367,102.92089131650019,102.16598141141993,492
2024-01-01 23:10:00,102.88190719239984,102.56078057577137,102.54805099659798,101.91608292390605,406
2024-01-01 23:11:00,103.79151797541026,103.43999944888715,103.17018674644676,104.31921832200292,914
2024-01-01 23:12:00,103.24203321407741,102.888128013186,102.81692984237698,102.33625657748486,910
2024-01-01 23:13:00,102.82784414273658,102.43175609459858,101.96733469063967,101.97538417601116,955
2024-01-01 23:14:00,102.77647168351335,102.61393232539733,102.31614923814783,102.79610855619607,448
2024-01-01 23:15:00,102.45108946775129,102.17902817210744,102.14442674462131,101.74412401881754,767
2024-01-01 23:16:00,103.23063345065508,103.02777444437622,102.52876941462297,103.876520716645,122
2024-01-01 23:17:00,103.44098665215434,102.95282877706269,102.64827718866009,102.87788310974916,126
2024-01-01 23:18:00,102.87990590593392,102.61348847488202,102.43051148377197,102.27414817270135,294
2024-01-01 23:19:00,102.85684207460287,102.47391649079188,101.96394864896295,102.33434450670174,416
2024-01-01 23:20:00,102.29056608474887,102.18414663250267,101.76208723945352,101.89437677421347,1
2024-01-01 23:21:00,101.6366716047844,101.42375968672133,101.31874325702998,100.66337274093998,773
2024-01-01 23:22:00,101.6721627742898,101.38396851437398,101.38362303960551,101.34417734202663,829
2024-01-01 23:23:00,101.20137253585963,100.7486392426844,100.26481379391234,100.11330997099483,990
2024-01-01 23:24:00,100.50959748576498,100.19402809268898,100.01581030882396,99.63941694269356,740
2024-01-01 23:25:00,100.43405141421911,100.4016749404092,100.11782394187168,100.6093217881294,317
2024-01-01 23:26:00,99.81556771829625,99.54321810862223,99.29881574037341,98.68476127683526,704
2024-01-01 23:27:00,100.10164472539645,100.02321888740308,99.90701125885838,100.50321966618392,329
2024-01-01 23:28:00,101.01152233864073,100.72438481163866,100.46231431298175,101.42555073587424,613
2024-01-01 23:29:00,101.68278724387548,101.22242991673453,101.12504580829078,101.7204750218304,496
2024-01-01 23:30:00,101.31801116020472,101.22025024826824,100.9317524853704,101.21807057980196,254
2024-01-01 23:31:00,100.8307794790274,100.63283246077899,100.2077609370525,100.04541467328973,717
2024-01-01 23:32:00,100.26358262735974,99.89663279344852,99.76553118285554,99.16043312611805,382
2024-01-01 23:33:00,100.45475406206121,100.33006787348441,99.8318284757829,100.7635029535203,699
2024-01-01 23:34:00,99.7133210225865,99.36662134975982,99.20194599185194,98.40317482603524,211
2024-01-01 23:35:00,99.01304446812367,98.84584363941055,98.65099182550205,98.32506592906127,568
2024-01-01 23:36:00,98.54480317296648,98.1236922620395,97.71893532933173,97.40154088466845,51
2024-01-01 23:37:00,98.29935322123939,98.21402237888002,97.95805143178607,98.30435249572054,408
2024-01-01 23:38:00,99.48169448942407,99.00231404885486,98.64307765923458,99.7906057188297,159
2024-01-01 23:39:00,99.11185720715662,98.98095196258137,98.90530437025632,98.95958987630789,348
2024-01-01 23:40:00,98.32584301043318,98.07840749849089,97.66333700133451,97.17586303440041,260
2024-01-01 23:41:00,98.6602226152805,98.50744233479989,98.02808386936263,98.93647717110889,42
2024-01-01 23:42:00,98.48490101718673,98.14524184958043,97.90790982475734,97.78304136436097,590
2024-01-01 23:43:00,98.15564328407456,97.90682746358749,97.82340076349482,97.66841307759455,917
2024-01-01 23:44:00,98.29182854700404,98.03617863422113,97.62991478673543,98.16552980485477,928
2024-01-01 23:45:00,98.72624127124253,98.39425519225466,98.31973328049757,98.75233175028819,844
2024-01-01 23:46:00,97.82932682020392,97.55142086644913,97.39719174397455,96.70858654064361,362
2024-01-01 23:47:00,97.76095993646821,97.61760979996589,97.19221219289167,97.68379873348265,195
2024-01-01 23:48:00,98.49957458209752,98.05613471297377,97.74487933819232,98.49465962598165,690
2024-01-01 23:49:00,98.68756595137269,98.28405116083856,97.88229820498653,98.51196760870334,455
2024-01-01 23:50:00,97.782196530363,97.63003952232394,97.1958416295757,96.97602788380932,391
2024-01-01 23:51:00,97.73742663347785,97.36464179916264,97.29070464950493,97.09924407600134,137
2024-01-01 23:52:00,98.21451884356149,98.04353295832097,97.98238691019962,98.72242411747929,94
2024-01-01 23:53:00,98.55648137566382,98.09142351247763,97.77085196247964,98.1393140666343,279
2024-01-01 23:54:00,97.78935735800621,97.66004049623592,97.63966494323778,97.22865747999421,282
2024-01-01 23:55:00,97.90126210592872,97.45056642119054,97.16154680407426,97.24109234614517,107
2024-01-01 23:56:00,97.31282238672537,97.03981964755546,96.99951563944833,96.62907287392038,32
2024-01-01 23:57:00,97.77848795020084,97.43057016068654,97.20631412864006,97.82132067381762,951
2024-01-01 23:58:00,98.30568152902481,98.27082533233865,97.84964311539143,99.11108050399075,280
2024-01-01 23:59:00,98.79795705612078,98.47911439731708,98.0635558249234,98.6874034622955,431
2024-01-02 00:00:00,98.35937656275037,98.12667426382806,97.65585934053996,97.77423413033905,444
2024-01-02 00:01:00,99.00389502514244,98.7455696795128,98.47004566126813,99.36446509519753,400
2024-01-02 00:02:00,98.70335640931013,98.24054391250547,97.86788249517993,97.73551814549813,513
2024-01-02 00:03:00,97.54308108438136,97.4375616316074,97.26673378425949,96.63457935070932,125
2024-01-02 00:04:00,98.39844033248234,97.97361196216917,97.79725300511656,98.50966229273095,502
2024-01-02 00:05:00,98.0436094479232,97.76680350796462,97.51484005324848,97.55999505376008,433
2024-01-02 00:06:00,97.55876099500259,97.33577094062043,97.05724613492639,96.90473837327625,477
2024-01-02 00:07:00,96.80631277284273,96.45510770156801,96.1364954679982,95.57444446251559,370
2024-01-02 00:08:00,96.7132795937193,96.23642850788896,96.0024943966502,96.01774931420991,99
2024-01-02 00:09:00,97.59745343523151,97.16767717130965,96.91733318887374,98.09892583473034,702
2024-01-02 00:10:00,96.63319414156635,96.24766523135794,95.99659891203144,95.32765329140624,694
2024-01-02 00:11:00,95.75805692149741,95.6317909046711,95.38356212331409,95.01591657798427,264
2024-01-02 00:12:00,95.69210598723302,95.41845528438812,95.08359343072695,95.20511966410513,684
2024-01-02 00:13:00,96.06292707962638,95.66954985872295,95.39496352703065,95.92064443305777,805
2024-01-02 00:14:00,95.6059762807867,95.22893140003792,94.99503203064957,94.7883129413529,649
2024-01-02 00:15:00,95.18817759810655,94.87130286267403,94.44803316952881,94.51367432531013,601
2024-01-02 00:16:00,96.1161985432568,95.79402098568038,95.75981716378176,96.71673910868672,549
2024-01-02 00:17:00,95.64839952579744,95.54223747842538,95.25981973011442,95.29045397117038,6
2024-01-02 00:18:00,95.80434675748562,95.77833066617517,95.31232587953204,96.01442385392495,432
2024-01-02 00:19:00,96.29951195221285,95.96153029991389,95.50743182086181,96.14472993365261,147
2024-01-02 00:20:00,96.93540498029112,96.70235579132392,96.62437544332208,97.44318128273396,494
2024-01-02 00:21:00,96.39462850134781,95.99451923165078,95.7471300662786,95.28668267197764,871
2024-01-02 00:22:00,97.08088879603251,96.75127282761272,96.36429823060432,97.50802642357466,640
2024-01-02 00:23:00,96.9880625274299,96.78936483648317,96.52263620926762,96.82745684535362,302
2024-01-02 00:24:00,97.72644626386415,97.45918003174049,97.05943710285703,98.1289952269978,213
2024-01-02 00:25:00,96.73248025636667,96.59799579212873,96.19316761174919,95.73681155251697,988
2024-01-02 00:26:00,96.09193728185335,95.65391415847283,95.34474628173335,94.70983252481693,456
2024-01-02 00:27:00,94.94877471965344,94.82743571771624,94.74020779653559,94.00095727695965,270
2024-01-02 00:28:00,94.76854493275155,94.32424529231909,94.31522945984916,93.82105486692194,483
2024-01-02 00:29:00,94.3779320260713,94.10929315644078,93.83457390177257,93.89434102056248,190
2024-01-02 00:30:00,94.88686985502476,94.43654556616875,94.35406543700996,94.76379797589671,657
2024-01-02 00:31:00,93.566221747638,93.50117956862617,93.30219994491618,92.5658135710836,51
2024-01-02 00:32:00,93.82417834951693,93.78203020797419,93.62298175669346,94.0628808473222,8
2024-01-02 00:33:00,93.50867361504332,93.2695416657957,93.14111334271087,92.75705312361721,470
2024-01-02 00:34:00,93.63689011239086,93.4549410274858,93.04248627237082,93.6403403891759,257
2024-01-02 00:35:00,94.594596831869,94.17655837471696,94.03331209828315,94.89817572194812,375
2024-01-02 00:36:00,95.38697408950426,95.04616355497178,94.88379073427451,95.9157687352266,276
2024-01-02 00:37:00,94.67829908154415,94.43793729651814,94.26462413079929,93.8297110380645,495
2024-01-02 00:38:00,95.13119762323237,94.97977731810705,94.65889476048761,95.52161733969596,965
2024-01-02 00:39:00,96.09540061856578,95.82519731870089,95.62813486635903,96.67061731929472,900
2024-01-02 00:40:00,95.17022635936927,95.03811448681353,94.5990952341782,94.25103165492617,286
2024-01-02 00:41:00,96.15559217548076,95.81858331667549,95.73132744985065,96.59905214653745,708
2024-01-02 00:42:00,96.1849972558759,96.15455842570417,95.7291430698191,96.49053353473285,672
2024-01-02 00:43:00,95.82636532354897,95.45272418235338,95.07103861453513,94.75088993900259,458
2024-01-02 00:44:00,96.36951090980159,96.05758771999858,96.00674839132596,96.66245125764378,995
2024-01-02 00:45:00,95.88014309704143,95.63747984213815,95.34295776498205,95.21737196427772,546
2024-01-02 00:46:00,95.86217481196464,95.85040798397432,95.84459862298023,96.0633361258105,429
2024-01-02 00:47:00,96.17199393450542,95.72691006568132,95.38462017422195,95.60341214738833,954
2024-01-02 00:48:00,96.17783333864936,95.81760919519029,95.60545713704893,95.90830832469925,400
2024-01-02 00:49:00,95.24575272765556,95.05990300030368,95.02099043782238,94.30219680541707,998
2024-01-02 00:50:00,95.40572348993197,95.19707670829212,95.13124459652691,95.33425041628055,409
2024-01-02 00:51:00,95.5252149787637,95.08042855713107,94.70871873533896,94.96378040597003,152
2024-01-02 00:52:00,94.94925066149628,94.77262189484323,94.74774857676877,94.46481523255538,488
2024-01-02 00:53:00,94.51546800181903,94.32323478689715,94.24248064382392,93.87384767895107,566
2024-01-02 00:54:00,94.64153054224326,94.339195337203,94.01800680867464,94.35515588750884,682
2024-01-02 00:55:00,94.50868080413453,94.22754574775382,93.91561290098016,94.11589615830465,343
2024-01-02 00:56:00,93.96031077588135,93.70203884724023,93.54237051544547,93.17653194672664,905
2024-01-02 00:57:00,94.64388545961555,94.49501192350361,94.23000968910688,95.28798499976699,245
2024-01-02 00:58:00,94.02835919026911,93.91775644866969,93.66070994805762,93.34050097383577,631
2024-01-02 00:59:00,93.38782929697537,93.2922828856512,92.95918482199517,92.66680932263272,688
2024-01-02 01:00:00,94.04802239273437,93.9402746872938,93.68307893929307,94.58826648893638,755
2024-01-02 01:01:00,94.80203200091402,94.43031345102783,94.05090224453762,94.92035221476186,592
2024-01-02 01:02:00,94.5001047115361,94.48517388932257,94.46383698877614,94.5400343276173,287
2024-01-02 01:03:00,95.56132390367024,95.13764844782808,94.7796658155624,95.7901230063336,496
2024-01-02 01:04:00,96.50181241316584,96.02993618334557,95.92262215430121,96.92222391886305,68
2024-01-02 01:05:00,96.68179810509027,96.55275593721628,96.10987683920521,97.07557569108698,578
2024-01-02 01:06:00,97.25633053966402,97.03099048158944,96.68226017753237,97.5092250259626,301
2024-01-02 01:07:00,96.85105989744598,96.43327735079617,96.13664394091411,95.83556422000291,97
2024-01-02 01:08:00,95.91680122847721,95.61305737409752,95.33731927477149,94.79283739739887,201
2024-01-02 01:09:00,96.26880258764116,95.79214946342641,95.77814677153296,95.9712415527553,779
2024-01-02 01:10:00,97.09888135315505,96.74887339168431,96.51884040512871,97.70559731994221,732
2024-01-02 01:11:00,96.00745896157395,95.81400024047365,95.72996595972354,94.87912708926298,620
2024-01-02 01:12:00,95.76936632746498,95.69037757649212,95.28246433986578,95.5667549125106,797
2024-01-02 01:13:00,96.285966309367,96.16567383370246,96.07256098451523,96.64097009091279,216
2024-01-02 01:14:00,96.08461202600607,95.90756259470862,95.4817448931759,95.64945135571479,266
2024-01-02 01:15:00,95.7486369243631,95.53651721733,95.46615792526347,95.16547183995138,712
2024-01-02 01:16:00,95.93945479829799,95.4741390485147,95.10760377113441,95.4117608796994,19
2024-01-02 01:17:00,96.61417146027186,96.29088288779562,96.0612496086404,97.10762672707654,562
2024-01-02 01:18:00,96.20704959815703,96.08457282839306,95.84950107665044,95.87826276899051,935
2024-01-02 01:19:00,96.72487724131028,96.45244665176841,96.38511470519254,96.82032047514376,57
2024-01-02 01:20:00,96.81886673402974,96.5444058727181,96.32343285416813,96.63636509366779,826
2024-01-02 01:21:00,96.14058201173228,95.90979047528671,95.67715480491889,95.27517507785532,148
2024-01-02 01:22:00,94.9976567916889,94.99122036406766,94.97701902580887,94.0726502528486,272
2024-01-02 01:23:00,95.29070088594311,95.25402032097112,94.86995874696754,95.51682027787459,495
2024-01-02 01:24:00,94.48987326364914,94.37276860329929,93.94327931099686,93.49151688562746,768
2024-01-02 01:25:00,94.58008112587692,94.47228802753,94.26421839264464,94.5718074517607,327
2024-01-02 01:26:00,95.4056583991802,95.22837482547936,94.75946759716665,95.98446162342873,482
2024-01-02 01:27:00,94.70890960755028,94.31746356119947,93.9646261423151,93.40655229691959,95
2024-01-02 01:28:00,94.16054687842633,94.01596011028299,93.60475076106319,93.7144566593665,666
2024-01-02 01:29:00,95.22359461121987,94.7594034429594,94.39515165506121,95.5028467756358,622
2024-01-02 01:30:00,94.78566655211957,94.35017249794682,94.09208008680551,93.94094155293423,371
2024-01-02 01:31:00,95.20461588948871,94.96825152570231,94.62857831046033,95.58633055345781,390
2024-01-02 01:32:00,95.41771710227287,95.13763994445826,95.09430032165852,95.3070283632142,958
2024-01-02 01:33:00,94.86113448790499,94.4945324004483,94.07394305418204,93.85142485643836,106
2024-01-02 01:34:00,93.99397178341196,93.853789668974,93.61328309401996,93.2130469374997,761
2024-01-02 01:35:00,95.14382590025791,94.70579537359102,94.33769724451693,95.55780107820803,790
2024-01-02 01:36:00,95.03928418427904,94.7813086523002,94.67128706889255,94.85682193100938,376
2024-01-02 01:37:00,94.04640056259909,93.842263996807,93.72281576676556,92.90321934131381,786
2024-01-02 01:38:00,93.20726388797684,92.99343250642642,92.81951106508136,92.14460101604583,887
2024-01-02 01:39:00,93.75387422561518,93.70584296018444,93.63356764410102,94.41825341394247,97
