timestamp,price,volume
2024-01-01 09:00:00,100.6958862076,76
2024-01-01 09:00:05,99.94783706806435,27
2024-01-01 09:00:10,99.32226842433593,38
2024-01-01 09:00:15,100.02821338483173,10
2024-01-01 09:00:20,100.81563205331639,76
2024-01-01 09:00:25,100.92130711065134,11
2024-01-01 09:00:30,99.94039719393982,60
2024-01-01 09:00:35,100.07647850498437,40
2024-01-01 09:00:40,100.8508610310989,34
2024-01-01 09:00:45,100.11342029282837,21
2024-01-01 09:00:50,99.53106636302157,17
2024-01-01 09:00:55,99.10594177158815,14
2024-01-01 09:01:00,99.97374003682006,51
2024-01-01 09:01:05,100.71337574643363,40
2024-01-01 09:01:10,101.16657076921992,7
2024-01-01 09:01:15,100.64163563895873,33
2024-01-01 09:01:20,100.4778729421583,62
2024-01-01 09:01:25,101.26405827342734,20
2024-01-01 09:01:30,101.96210013210384,21
2024-01-01 09:01:35,101.87360606381012,47
2024-01-01 09:01:40,101.91691862956148,36
2024-01-01 09:01:45,101.77256667980339,92
2024-01-01 09:01:50,101.29038127809237,48
2024-01-01 09:01:55,101.84318117123455,41
2024-01-01 09:02:00,102.69258420690308,38
2024-01-01 09:02:05,102.46886664553406,8
2024-01-01 09:02:10,102.77327793143694,55
2024-01-01 09:02:15,102.78587769682647,17
2024-01-01 09:02:20,103.63891604300153,69
2024-01-01 09:02:25,103.77945547039276,36
2024-01-01 09:02:30,104.10609400226413,44
2024-01-01 09:02:35,104.48862030126261,38
2024-01-01 09:02:40,105.19852389056541,69
2024-01-01 09:02:45,104.7232028526802,50
2024-01-01 09:02:50,103.82526986637951,50
2024-01-01 09:02:55,103.61147960174094,22
2024-01-01 09:03:00,104.63031812014238,30
2024-01-01 09:03:05,103.77425762535512,36
2024-01-01 09:03:10,103.13722906969791,70
2024-01-01 09:03:15,103.46724321756037,59
2024-01-01 09:03:20,103.07319404467927,58
2024-01-01 09:03:25,103.07386257429033,5
2024-01-01 09:03:30,103.76995907076706,8
2024-01-01 09:03:35,103.43655443217226,51
2024-01-01 09:03:40,102.70956612284898,24
2024-01-01 09:03:45,103.07857084118642,22
2024-01-01 09:03:50,102.95866647352408,63
2024-01-01 09:03:55,103.87727827549138,10
2024-01-01 09:04:00,102.91254954193236,38
2024-01-01 09:04:05,102.98703593194827,91
2024-01-01 09:04:10,102.61866528762366,21
2024-01-01 09:04:15,103.20704084621119,73
2024-01-01 09:04:20,103.52152984663664,89
2024-01-01 09:04:25,104.20586635174548,44
2024-01-01 09:04:30,104.69691409065348,82
2024-01-01 09:04:35,105.58167818455465,24
2024-01-01 09:04:40,106.32618960408374,19
2024-01-01 09:04:45,106.2918266934444,53
2024-01-01 09:04:50,105.7573247407125,63
2024-01-01 09:04:55,105.77414467077597,31
2024-01-01 09:05:00,106.31272321549802,70
2024-01-01 09:05:05,105.91870914793446,21
2024-01-01 09:05:10,105.40485435087217,44
2024-01-01 09:05:15,105.10248557223046,12
2024-01-01 09:05:20,105.64458683937634,23
2024-01-01 09:05:25,106.32133531730169,99
2024-01-01 09:05:30,106.35290296612212,67
2024-01-01 09:05:35,105.48107424537396,26
2024-01-01 09:05:40,104.5388461370375,87
2024-01-01 09:05:45,105.25630292880055,41
2024-01-01 09:05:50,105.32865652283641,46
2024-01-01 09:05:55,105.32435517584351,59
2024-01-01 09:06:00,105.31079559334712,14
2024-01-01 09:06:05,104.59490209242378,44
2024-01-01 09:06:10,105.3342431175655,29
2024-01-01 09:06:15,106.26985605639904,44
2024-01-01 09:06:20,105.94848207921909,43
2024-01-01 09:06:25,105.10384743868178,3
2024-01-01 09:06:30,104.75014467894887,39
2024-01-01 09:06:35,105.15953502280983,26
2024-01-01 09:06:40,104.78585859046404,57
2024-01-01 09:06:45,104.64707177588376,92
2024-01-01 09:06:50,104.1534540925826,88
2024-01-01 09:06:55,104.19781395134214,26
2024-01-01 09:07:00,104.7851639639134,39
2024-01-01 09:07:05,104.25991138656691,54
2024-01-01 09:07:10,103.27453646320677,50
2024-01-01 09:07:15,103.8072746467301,92
2024-01-01 09:07:20,104.39107736694912,73
2024-01-01 09:07:25,103.91264099259682,3
2024-01-01 09:07:30,104.55006050185041,59
2024-01-01 09:07:35,105.48135269482285,86
2024-01-01 09:07:40,104.67977897217084,59
2024-01-01 09:07:45,104.74346968024363,43
2024-01-01 09:07:50,105.51148941558361,1
2024-01-01 09:07:55,106.55833897567699,83
2024-01-01 09:08:00,107.04358387983588,67
2024-01-01 09:08:05,107.64076812226824,44
2024-01-01 09:08:10,108.48739716642122,0
2024-01-01 09:08:15,107.55350701176316,91
2024-01-01 09:08:20,108.49734353129519,18
2024-01-01 09:08:25,107.8161018562888,31
2024-01-01 09:08:30,106.80382382410284,3
2024-01-01 09:08:35,106.6669044438248,25
2024-01-01 09:08:40,106.26378081165257,62
2024-01-01 09:08:45,105.45822666891847,29
2024-01-01 09:08:50,104.99056244082146,9
2024-01-01 09:08:55,104.15374650052284,51
2024-01-01 09:09:00,103.15548224218902,61
2024-01-01 09:09:05,102.84491027352821,82
2024-01-01 09:09:10,103.66784119441225,97
2024-01-01 09:09:15,104.25331278943783,4
2024-01-01 09:09:20,104.03965723160901,66
2024-01-01 09:09:25,103.53927307837168,30
2024-01-01 09:09:30,103.93891354926288,34
2024-01-01 09:09:35,103.52980655077918,39
2024-01-01 09:09:40,102.60582274863657,73
2024-01-01 09:09:45,102.10052919975202,44
2024-01-01 09:09:50,102.36220124612312,69
2024-01-01 09:09:55,102.42877166410949,62
2024-01-01 09:10:00,102.89652606700926,91
2024-01-01 09:10:05,102.22347496401274,40
2024-01-01 09:10:10,101.64552554607407,59
2024-01-01 09:10:15,100.86469292134441,75
2024-01-01 09:10:20,99.9040507019611,19
2024-01-01 09:10:25,99.61451884926925,57
2024-01-01 09:10:30,98.62324882393247,9
2024-01-01 09:10:35,98.65070919031828,35
2024-01-01 09:10:40,97.85356716835973,93
2024-01-01 09:10:45,96.95176792788055,62
2024-01-01 09:10:50,97.72172835196795,25
2024-01-01 09:10:55,97.4257261639999,6
2024-01-01 09:11:00,96.51512536772616,42
2024-01-01 09:11:05,97.28615949023627,41
2024-01-01 09:11:10,96.48922930166894,14
2024-01-01 09:11:15,96.6811556196491,79
2024-01-01 09:11:20,96.76280823131277,56
2024-01-01 09:11:25,96.58259659297252,60
2024-01-01 09:11:30,97.31660179618387,55
2024-01-01 09:11:35,97.23914560422342,82
2024-01-01 09:11:40,97.98367216032322,54
2024-01-01 09:11:45,97.11061719451695,81
2024-01-01 09:11:50,96.78085102775921,91
2024-01-01 09:11:55,96.55770762810927,24
2024-01-01 09:12:00,96.77763095556254,14
2024-01-01 09:12:05,96.23014563705432,42
2024-01-01 09:12:10,96.40343543584686,73
2024-01-01 09:12:15,96.23369693155446,70
2024-01-01 09:12:20,95.71657419846153,16
2024-01-01 09:12:25,96.53546499787804,76
2024-01-01 09:12:30,96.9720766440532,94
2024-01-01 09:12:35,96.9605459909399,34
2024-01-01 09:12:40,97.30306421133226,39
2024-01-01 09:12:45,97.93033546408705,88
2024-01-01 09:12:50,97.94011516439954,28
2024-01-01 09:12:55,98.28055544075342,66
2024-01-01 09:13:00,98.49498819100243,50
2024-01-01 09:13:05,99.32896453888723,41
2024-01-01 09:13:10,99.39474461091358,60
2024-01-01 09:13:15,99.08251385984008,57
2024-01-01 09:13:20,99.73376784459894,81
2024-01-01 09:13:25,99.50147839553154,73
2024-01-01 09:13:30,98.57293669879664,49
2024-01-01 09:13:35,99.45517470135931,15
2024-01-01 09:13:40,99.95292228050315,74
2024-01-01 09:13:45,99.77456263448485,97
2024-01-01 09:13:50,100.34973500324743,54
2024-01-01 09:13:55,99.53746568823951,55
2024-01-01 09:14:00,100.45664626039172,95
2024-01-01 09:14:05,99.71582648596355,8
2024-01-01 09:14:10,99.89534918898929,54
2024-01-01 09:14:15,98.99836057626733,51
2024-01-01 09:14:20,99.67202967430659,89
2024-01-01 09:14:25,100.44169541796633,84
2024-01-01 09:14:30,99.55320867179853,19
2024-01-01 09:14:35,100.03696524846218,9
2024-01-01 09:14:40,100.17972741029044,7
2024-01-01 09:14:45,100.63772342171633,65
2024-01-01 09:14:50,100.54830530406713,87
2024-01-01 09:14:55,101.3162955267924,67
2024-01-01 09:15:00,100.42161659093432,32
2024-01-01 09:15:05,99.54506776030938,50
2024-01-01 09:15:10,99.3532507967355,21
2024-01-01 09:15:15,99.65115550242037,16
2024-01-01 09:15:20,99.89823274586992,46
2024-01-01 09:15:25,100.52459560863302,28
2024-01-01 09:15:30,101.45093090955363,94
2024-01-01 09:15:35,101.70381549588589,85
2024-01-01 09:15:40,101.35240048368924,12
2024-01-01 09:15:45,100.39862349448079,79
2024-01-01 09:15:50,100.7723703474643,85
2024-01-01 09:15:55,100.76896533124308,68
2024-01-01 09:16:00,100.48426099807406,72
2024-01-01 09:16:05,101.4653533877394,95
2024-01-01 09:16:10,100.61890448858435,23
2024-01-01 09:16:15,101.06722792717385,9
2024-01-01 09:16:20,100.4221380469801,23
2024-01-01 09:16:25,99.96012636170113,14
2024-01-01 09:16:30,100.0458939016407,12
2024-01-01 09:16:35,99.75130070478097,3
2024-01-01 09:16:40,99.47900922154051,71
2024-01-01 09:16:45,99.7164966107029,56
2024-01-01 09:16:50,99.34197418441671,71
2024-01-01 09:16:55,99.87843049629203,79
2024-01-01 09:17:00,99.1195028568147,41
2024-01-01 09:17:05,99.03955593868295,98
2024-01-01 09:17:10,100.02609743526693,47
2024-01-01 09:17:15,99.7292381224533,2
2024-01-01 09:17:20,99.30797290882177,99
2024-01-01 09:17:25,98.50653340945537,18
2024-01-01 09:17:30,98.31662631736806,8
2024-01-01 09:17:35,99.1339642657103,34
2024-01-01 09:17:40,99.1691005845948,53
2024-01-01 09:17:45,99.55735376500014,76
2024-01-01 09:17:50,98.59081570517179,71
2024-01-01 09:17:55,98.72901941401065,10
2024-01-01 09:18:00,98.18565706959872,43
2024-01-01 09:18:05,98.411997919544,27
2024-01-01 09:18:10,97.70483426473194,64
2024-01-01 09:18:15,98.41601316155506,96
2024-01-01 09:18:20,98.28809911073431,37
2024-01-01 09:18:25,99.01062961691493,97
2024-01-01 09:18:30,99.81381262456719,21
2024-01-01 09:18:35,99.73924922953253,78
2024-01-01 09:18:40,99.38936714152011,49
2024-01-01 09:18:45,99.20046916892848,94
2024-01-01 09:18:50,98.55666381370429,8
2024-01-01 09:18:55,99.44484437748689,39
2024-01-01 09:19:00,99.5149876301324,57
2024-01-01 09:19:05,100.01569054001884,37
2024-01-01 09:19:10,100.43521948410829,99
2024-01-01 09:19:15,100.79821973755266,99
2024-01-01 09:19:20,101.49519725188263,37
2024-01-01 09:19:25,101.65759728879496,2
2024-01-01 09:19:30,102.29565564102977,54
2024-01-01 09:19:35,102.35485588284001,27
2024-01-01 09:19:40,102.35248876866955,36
2024-01-01 09:19:45,102.42753471896675,42
2024-01-01 09:19:50,102.46529148490558,7
2024-01-01 09:19:55,102.87342267148807,4
2024-01-01 09:20:00,103.49470849222452,2
2024-01-01 09:20:05,103.4945026816787,26
2024-01-01 09:20:10,102.47491124824971,6
2024-01-01 09:20:15,102.20871841798109,85
2024-01-01 09:20:20,102.84505535128126,42
2024-01-01 09:20:25,102.94258061200183,96
2024-01-01 09:20:30,103.36943565700582,52
2024-01-01 09:20:35,103.49474619135263,52
2024-01-01 09:20:40,103.05494151304849,46
2024-01-01 09:20:45,102.94577578378824,11
2024-01-01 09:20:50,102.57530492478664,52
2024-01-01 09:20:55,102.5680471198558,82
2024-01-01 09:21:00,102.76473102582935,54
2024-01-01 09:21:05,102.02924772812294,40
2024-01-01 09:21:10,101.43869001370632,76
2024-01-01 09:21:15,102.35190315197491,96
2024-01-01 09:21:20,102.97100228155453,38
2024-01-01 09:21:25,102.22166606118772,24
2024-01-01 09:21:30,101.3664908599997,53
2024-01-01 09:21:35,100.56416749433951,88
2024-01-01 09:21:40,99.61584814834795,24
2024-01-01 09:21:45,99.50086993510604,90
2024-01-01 09:21:50,99.84907065948217,54
2024-01-01 09:21:55,99.32709228772681,95
2024-01-01 09:22:00,100.31913610810906,3
2024-01-01 09:22:05,100.05217771033522,53
2024-01-01 09:22:10,99.87163395681314,0
2024-01-01 09:22:15,99.2908345565158,70
2024-01-01 09:22:20,98.31244378368696,28
2024-01-01 09:22:25,99.04521819204187,22
2024-01-01 09:22:30,98.77305811927094,34
2024-01-01 09:22:35,98.77289744223408,76
2024-01-01 09:22:40,98.02930862382978,97
2024-01-01 09:22:45,97.61252137748362,73
2024-01-01 09:22:50,97.86767911340792,77
2024-01-01 09:22:55,98.00733416610244,40
2024-01-01 09:23:00,98.03235891468984,2
2024-01-01 09:23:05,98.99207940217546,81
2024-01-01 09:23:10,99.63946278340354,60
2024-01-01 09:23:15,99.3972184932064,56
2024-01-01 09:23:20,99.62706758120034,73
2024-01-01 09:23:25,99.06848591022936,88
2024-01-01 09:23:30,98.34906594556924,10
2024-01-01 09:23:35,98.11292757636869,25
2024-01-01 09:23:40,98.52495758892285,72
2024-01-01 09:23:45,98.6856580151287,15
2024-01-01 09:23:50,99.04437448589343,1
2024-01-01 09:23:55,100.01524711441262,26
2024-01-01 09:24:00,99.33021848039454,5
2024-01-01 09:24:05,100.16002098030994,93
2024-01-01 09:24:10,99.95892190672437,12
2024-01-01 09:24:15,99.57790294144372,18
2024-01-01 09:24:20,100.2756677933488,54
2024-01-01 09:24:25,99.874589614682,48
2024-01-01 09:24:30,99.65717176087537,44
2024-01-01 09:24:35,100.15567058748486,96
2024-01-01 09:24:40,100.47513012112316,10
2024-01-01 09:24:45,100.10881356058695,23
2024-01-01 09:24:50,100.77257222866538,87
2024-01-01 09:24:55,100.3966451283166,12
2024-01-01 09:25:00,101.24721610105173,17
2024-01-01 09:25:05,102.15143175440166,45
2024-01-01 09:25:10,101.57151363962335,38
2024-01-01 09:25:15,102.50134597341648,65
2024-01-01 09:25:20,103.13611375072206,76
2024-01-01 09:25:25,102.37143317364232,99
2024-01-01 09:25:30,101.39377846207171,88
2024-01-01 09:25:35,100.43733908228725,29
2024-01-01 09:25:40,100.25163048928103,73
2024-01-01 09:25:45,100.44244498897261,68
2024-01-01 09:25:50,100.29213362960704,94
2024-01-01 09:25:55,101.29354779338595,5
2024-01-01 09:26:00,102.2899270139911,3
2024-01-01 09:26:05,102.1674643869913,60
2024-01-01 09:26:10,103.07920107512774,17
2024-01-01 09:26:15,102.54100836883141,72
2024-01-01 09:26:20,103.28016297274263,1
2024-01-01 09:26:25,102.44031248106137,40
2024-01-01 09:26:30,102.94584288772296,52
2024-01-01 09:26:35,102.8491204529861,46
2024-01-01 09:26:40,102.63469214953155,49
2024-01-01 09:26:45,103.57291121717026,71
2024-01-01 09:26:50,103.14984021464895,1
2024-01-01 09:26:55,102.16224660747298,58
2024-01-01 09:27:00,101.56524099989039,33
2024-01-01 09:27:05,100.94897217213209,71
2024-01-01 09:27:10,100.22813443830076,56
2024-01-01 09:27:15,99.6668544788527,21
2024-01-01 09:27:20,99.55726325586964,64
2024-01-01 09:27:25,100.13956181622609,28
2024-01-01 09:27:30,101.12341224364486,2
2024-01-01 09:27:35,101.5087612837257,32
2024-01-01 09:27:40,101.46623211416302,26
2024-01-01 09:27:45,101.47707319567135,1
2024-01-01 09:27:50,101.98111692959134,84
2024-01-01 09:27:55,102.00095171842626,19
2024-01-01 09:28:00,102.29137808023033,49
2024-01-01 09:28:05,102.87376260797296,6
2024-01-01 09:28:10,102.00376440443861,60
2024-01-01 09:28:15,102.4685038150766,30
2024-01-01 09:28:20,102.67218353906037,49
2024-01-01 09:28:25,102.21744753366569,30
2024-01-01 09:28:30,101.83743974479611,62
2024-01-01 09:28:35,101.70521598780522,76
2024-01-01 09:28:40,101.34977913399027,63
2024-01-01 09:28:45,101.94571508106728,32
2024-01-01 09:28:50,101.41177135825748,14
2024-01-01 09:28:55,101.30529360577802,55
2024-01-01 09:29:00,100.41433562375671,55
2024-01-01 09:29:05,99.82328324326929,99
2024-01-01 09:29:10,100.0685144400156,86
2024-01-01 09:29:15,100.03882950757244,18
2024-01-01 09:29:20,100.95309891869285,47
2024-01-01 09:29:25,99.98068187226986,27
2024-01-01 09:29:30,100.94423535651397,83
2024-01-01 09:29:35,100.022638346662,83
2024-01-01 09:29:40,99.37722549745774,61
2024-01-01 09:29:45,100.33412059936185,49
2024-01-01 09:29:50,99.92590421546456,76
2024-01-01 09:29:55,99.63269916078993,13
2024-01-01 09:30:00,99.21140887024731,46
2024-01-01 09:30:05,98.4729499748511,47
2024-01-01 09:30:10,98.68966539550223,43
2024-01-01 09:30:15,99.00694553618276,78
2024-01-01 09:30:20,99.47404182889046,64
2024-01-01 09:30:25,99.53732074385512,13
2024-01-01 09:30:30,99.51843407204264,73
2024-01-01 09:30:35,100.40059088126031,83
2024-01-01 09:30:40,100.77197417418466,36
2024-01-01 09:30:45,101.09933894377126,56
2024-01-01 09:30:50,100.26415005648606,59
2024-01-01 09:30:55,101.03783504431256,3
2024-01-01 09:31:00,101.58813357709596,2
2024-01-01 09:31:05,102.49728006409065,15
2024-01-01 09:31:10,102.10473864969248,45
2024-01-01 09:31:15,102.88839280003101,79
2024-01-01 09:31:20,102.22842773949864,59
2024-01-01 09:31:25,102.73500737450583,73
2024-01-01 09:31:30,102.2636398588268,0
2024-01-01 09:31:35,102.60682570622816,10
2024-01-01 09:31:40,101.91828205121132,47
2024-01-01 09:31:45,102.27557264082867,86
2024-01-01 09:31:50,102.81140411985966,21
2024-01-01 09:31:55,102.95275729545605,42
2024-01-01 09:32:00,102.3594494485185,63
2024-01-01 09:32:05,102.5486236479982,69
2024-01-01 09:32:10,103.4739001039735,46
2024-01-01 09:32:15,103.36560110111903,92
2024-01-01 09:32:20,103.61037787572879,7
2024-01-01 09:32:25,103.60354823447798,31
2024-01-01 09:32:30,103.69112446738303,35
2024-01-01 09:32:35,104.39610357053198,76
2024-01-01 09:32:40,103.72195099168384,96
2024-01-01 09:32:45,103.70282786973159,34
2024-01-01 09:32:50,103.32230922595765,44
2024-01-01 09:32:55,102.57294222126436,72
2024-01-01 09:33:00,101.61292168262044,70
2024-01-01 09:33:05,102.17188683123672,80
2024-01-01 09:33:10,101.3521889546969,2
2024-01-01 09:33:15,101.20159673858164,55
2024-01-01 09:33:20,101.61385518700186,60
2024-01-01 09:33:25,102.21729144721833,52
2024-01-01 09:33:30,102.26673927942932,17
2024-01-01 09:33:35,101.88200330476293,66
2024-01-01 09:33:40,102.45885429962524,85
2024-01-01 09:33:45,102.95769779707159,40
2024-01-01 09:33:50,103.21851869696177,29
2024-01-01 09:33:55,103.89955643594307,3
2024-01-01 09:34:00,104.35839920114336,25
2024-01-01 09:34:05,104.19864526537148,69
2024-01-01 09:34:10,104.08572824905492,92
2024-01-01 09:34:15,103.05754624546698,18
2024-01-01 09:34:20,103.45668720302902,37
2024-01-01 09:34:25,104.20682183717389,52
2024-01-01 09:34:30,105.05368203471079,17
2024-01-01 09:34:35,105.89477918336753,72
2024-01-01 09:34:40,104.85410216701968,66
2024-01-01 09:34:45,104.32244381881458,99
2024-01-01 09:34:50,104.46926066414535,39
2024-01-01 09:34:55,103.6180195080515,26
2024-01-01 09:35:00,102.69901463137478,26
2024-01-01 09:35:05,101.86699885887212,33
2024-01-01 09:35:10,102.68460729031658,3
2024-01-01 09:35:15,101.73499953139493,31
2024-01-01 09:35:20,102.06882476757262,47
2024-01-01 09:35:25,101.54482289515495,46
2024-01-01 09:35:30,102.03010840950134,60
2024-01-01 09:35:35,101.6455788600415,92
2024-01-01 09:35:40,102.22178496886136,83
2024-01-01 09:35:45,101.48128980741673,17
2024-01-01 09:35:50,102.07746900236137,20
2024-01-01 09:35:55,103.08505842239641,22
2024-01-01 09:36:00,102.49932434928235,65
2024-01-01 09:36:05,102.59607294738215,83
2024-01-01 09:36:10,103.4890903625929,88
2024-01-01 09:36:15,104.30132681271945,46
2024-01-01 09:36:20,104.26884634117792,7
2024-01-01 09:36:25,103.98785287281629,7
2024-01-01 09:36:30,103.51487362799772,18
2024-01-01 09:36:35,103.38014610830386,53
2024-01-01 09:36:40,104.27640275679433,0
2024-01-01 09:36:45,103.27414599630099,87
2024-01-01 09:36:50,102.65374665924689,64
2024-01-01 09:36:55,103.60478782577407,37
2024-01-01 09:37:00,104.48827688968876,6
2024-01-01 09:37:05,105.25427021908433,39
2024-01-01 09:37:10,106.22555385770954,96
2024-01-01 09:37:15,106.97133623413474,3
2024-01-01 09:37:20,107.01963250705722,43
2024-01-01 09:37:25,107.05161871336541,64
2024-01-01 09:37:30,108.05551912346074,5
2024-01-01 09:37:35,107.41038325281922,55
2024-01-01 09:37:40,107.22879637157996,44
2024-01-01 09:37:45,106.85116365554177,42
2024-01-01 09:37:50,107.81071584410473,70
2024-01-01 09:37:55,108.54864556208801,92
2024-01-01 09:38:00,108.97552940266647,17
2024-01-01 09:38:05,108.25576814632507,52
2024-01-01 09:38:10,107.84424257267004,5
2024-01-01 09:38:15,108.31844900485667,65
2024-01-01 09:38:20,107.85133543182631,79
2024-01-01 09:38:25,107.26548841875905,6
2024-01-01 09:38:30,106.75963583929477,58
2024-01-01 09:38:35,105.95893214196742,47
2024-01-01 09:38:40,105.97556846056638,97
2024-01-01 09:38:45,106.63827765774982,30
2024-01-01 09:38:50,107.3779276207842,11
2024-01-01 09:38:55,106.5297696041443,32
2024-01-01 09:39:00,106.89707116382593,28
2024-01-01 09:39:05,106.96055822411937,71
2024-01-01 09:39:10,107.06351102825407,61
2024-01-01 09:39:15,108.02643971879499,20
2024-01-01 09:39:20,107.64351484932313,70
2024-01-01 09:39:25,108.66858851145572,9
2024-01-01 09:39:30,109.02882884513954,18
2024-01-01 09:39:35,108.74557152031817,64
2024-01-01 09:39:40,108.51640195250324,93
2024-01-01 09:39:45,108.08570836651847,49
2024-01-01 09:39:50,108.54314156652114,65
2024-01-01 09:39:55,107.59212501019883,18
2024-01-01 09:40:00,107.55266246050337,78
2024-01-01 09:40:05,108.28220340007157,80
2024-01-01 09:40:10,108.48585805637268,13
2024-01-01 09:40:15,108.82635234965183,7
2024-01-01 09:40:20,107.88917627646086,26
2024-01-01 09:40:25,108.71613705442468,54
2024-01-01 09:40:30,108.4712953487703,9
2024-01-01 09:40:35,107.56451621735592,16
2024-01-01 09:40:40,108.31391062833477,58
2024-01-01 09:40:45,107.58773480227036,25
2024-01-01 09:40:50,107.4203476689739,55
2024-01-01 09:40:55,108.13867514375576,24
2024-01-01 09:41:00,107.8410307580529,47
2024-01-01 09:41:05,107.12433485294852,40
2024-01-01 09:41:10,107.17584125705531,21
2024-01-01 09:41:15,108.03410908822018,25
2024-01-01 09:41:20,107.1604710927228,16
2024-01-01 09:41:25,106.37797593470916,48
2024-01-01 09:41:30,107.07364690156088,88
2024-01-01 09:41:35,107.27381719067485,99
2024-01-01 09:41:40,106.90813902015367,1
2024-01-01 09:41:45,106.5249613636507,35
2024-01-01 09:41:50,105.6914752301403,53
2024-01-01 09:41:55,105.25937106353861,94
2024-01-01 09:42:00,104.78392127992261,44
2024-01-01 09:42:05,103.77780467958645,91
2024-01-01 09:42:10,103.53518823378502,22
2024-01-01 09:42:15,103.08875833295829,1
2024-01-01 09:42:20,103.70551151234986,61
2024-01-01 09:42:25,104.5230603128956,57
2024-01-01 09:42:30,104.18431759858471,36
2024-01-01 09:42:35,104.6306606844357,7
2024-01-01 09:42:40,104.64493454232583,65
2024-01-01 09:42:45,105.48253034171339,48
2024-01-01 09:42:50,106.26687752011404,73
2024-01-01 09:42:55,106.31345643489928,12
2024-01-01 09:43:00,107.1072908441646,56
2024-01-01 09:43:05,107.60662964849587,66
2024-01-01 09:43:10,108.65441277072816,61
2024-01-01 09:43:15,108.14477762817495,43
2024-01-01 09:43:20,107.1684197222236,48
2024-01-01 09:43:25,107.26023157575482,73
2024-01-01 09:43:30,107.71323971618916,21
2024-01-01 09:43:35,108.15908430659928,23
2024-01-01 09:43:40,108.28806452227266,26
2024-01-01 09:43:45,107.58300635719607,82
2024-01-01 09:43:50,107.7771935347174,25
2024-01-01 09:43:55,107.99523727668786,6
2024-01-01 09:44:00,107.60855364150115,11
2024-01-01 09:44:05,107.40882509292713,55
2024-01-01 09:44:10,107.09619165859533,30
2024-01-01 09:44:15,106.30499953625603,62
2024-01-01 09:44:20,106.8219385094417,71
2024-01-01 09:44:25,107.58690928243215,71
2024-01-01 09:44:30,107.09647183642412,28
2024-01-01 09:44:35,107.14659324803158,32
2024-01-01 09:44:40,107.83350942861638,67
2024-01-01 09:44:45,107.2891230653632,57
2024-01-01 09:44:50,108.04925837307196,80
2024-01-01 09:44:55,107.85175233579191,83
2024-01-01 09:45:00,107.0827663737016,15
2024-01-01 09:45:05,106.85147245075915,45
2024-01-01 09:45:10,107.5440133746774,19
2024-01-01 09:45:15,107.43706540901573,26
2024-01-01 09:45:20,106.41761528191616,2
2024-01-01 09:45:25,105.41850477820331,90
2024-01-01 09:45:30,106.11747607913439,55
2024-01-01 09:45:35,105.97925350177383,82
2024-01-01 09:45:40,106.75875826663253,40
2024-01-01 09:45:45,107.71150287547962,75
2024-01-01 09:45:50,108.7829479170931,5
2024-01-01 09:45:55,108.55948663356305,55
2024-01-01 09:46:00,109.54602423443558,16
2024-01-01 09:46:05,109.33590241385302,90
2024-01-01 09:46:10,110.3124377512094,56
2024-01-01 09:46:15,109.67257896658747,95
2024-01-01 09:46:20,109.2325623062495,53
2024-01-01 09:46:25,110.15005615461844,19
2024-01-01 09:46:30,109.45898247907884,13
2024-01-01 09:46:35,108.4233370138889,96
2024-01-01 09:46:40,108.74756580400661,68
2024-01-01 09:46:45,107.84978668868722,49
2024-01-01 09:46:50,107.67112880531033,42
2024-01-01 09:46:55,106.95805792515593,69
2024-01-01 09:47:00,107.49843780271445,58
2024-01-01 09:47:05,106.51410255795074,4
2024-01-01 09:47:10,106.27181425237649,49
2024-01-01 09:47:15,105.21406069089254,47
2024-01-01 09:47:20,105.6895564289827,87
2024-01-01 09:47:25,104.79421821817616,92
2024-01-01 09:47:30,105.81405415656153,96
2024-01-01 09:47:35,105.8050560398266,14
2024-01-01 09:47:40,105.56714076612495,41
2024-01-01 09:47:45,104.70086219084081,39
2024-01-01 09:47:50,103.92992019714795,26
2024-01-01 09:47:55,103.69972934192522,21
2024-01-01 09:48:00,104.68728935654505,94
2024-01-01 09:48:05,103.74519102372852,98
2024-01-01 09:48:10,102.86120423532704,55
2024-01-01 09:48:15,102.67771165617462,12
2024-01-01 09:48:20,102.51401907501969,66
2024-01-01 09:48:25,102.31118482245867,86
2024-01-01 09:48:30,101.80282344531616,56
2024-01-01 09:48:35,102.66148959113004,12
2024-01-01 09:48:40,103.56124962067433,46
2024-01-01 09:48:45,104.5630286826062,53
2024-01-01 09:48:50,104.37779210120284,19
2024-01-01 09:48:55,104.13068969898195,76
2024-01-01 09:49:00,103.4385752177091,66
2024-01-01 09:49:05,102.70771010114393,39
2024-01-01 09:49:10,103.64054151987172,36
2024-01-01 09:49:15,104.5193641037865,3
2024-01-01 09:49:20,104.77844555631455,18
2024-01-01 09:49:25,104.96141460342902,19
2024-01-01 09:49:30,104.86207957555764,13
2024-01-01 09:49:35,104.45586072070274,2
2024-01-01 09:49:40,104.00990901403075,95
2024-01-01 09:49:45,103.08971674508383,73
2024-01-01 09:49:50,104.1170776110938,18
2024-01-01 09:49:55,103.42422125688003,20
2024-01-01 09:50:00,104.36365263382761,81
2024-01-01 09:50:05,103.51853525588864,72
2024-01-01 09:50:10,104.10891760552941,35
2024-01-01 09:50:15,103.68786189683132,68
2024-01-01 09:50:20,103.37761769710886,48
2024-01-01 09:50:25,104.29849838708617,26
2024-01-01 09:50:30,104.92480050456336,27
2024-01-01 09:50:35,103.9529571692528,12
2024-01-01 09:50:40,103.5241093164512,67
2024-01-01 09:50:45,103.64472415939294,25
2024-01-01 09:50:50,104.65608905240444,1
2024-01-01 09:50:55,104.48667546602182,4
2024-01-01 09:51:00,104.07015424635048,89
2024-01-01 09:51:05,104.37386668315273,73
2024-01-01 09:51:10,104.95883105907242,11
2024-01-01 09:51:15,105.11072822643817,31
2024-01-01 09:51:20,105.24343364112075,39
2024-01-01 09:51:25,104.57802218634879,15
2024-01-01 09:51:30,104.73061092498914,20
2024-01-01 09:51:35,105.07163070895129,5
2024-01-01 09:51:40,105.55224042403538,43
2024-01-01 09:51:45,104.69066715987577,53
2024-01-01 09:51:50,104.5620697840393,35
2024-01-01 09:51:55,104.35801207892695,9
2024-01-01 09:52:00,105.1493023805091,89
2024-01-01 09:52:05,104.65294746742046,13
2024-01-01 09:52:10,104.58031413447581,21
2024-01-01 09:52:15,103.65778832388074,87
2024-01-01 09:52:20,103.13237058545162,67
2024-01-01 09:52:25,102.11032727578562,82
2024-01-01 09:52:30,102.52179742955552,93
2024-01-01 09:52:35,102.95556021941283,90
2024-01-01 09:52:40,102.60793525830485,69
2024-01-01 09:52:45,101.97741935323111,17
2024-01-01 09:52:50,102.58703063511076,16
2024-01-01 09:52:55,102.38957594300408,33
2024-01-01 09:53:00,101.77354679389207,33
2024-01-01 09:53:05,102.68637445467886,29
2024-01-01 09:53:10,103.26481074303139,34
2024-01-01 09:53:15,103.06219426122918,16
2024-01-01 09:53:20,102.60107102178277,95
2024-01-01 09:53:25,102.22636121080973,87
2024-01-01 09:53:30,101.89348765396815,25
2024-01-01 09:53:35,101.47397494633853,7
2024-01-01 09:53:40,101.8751661917997,80
2024-01-01 09:53:45,101.9130558060169,45
2024-01-01 09:53:50,102.40135225578749,50
2024-01-01 09:53:55,102.1127243621516,23
2024-01-01 09:54:00,101.31379599620011,80
2024-01-01 09:54:05,102.19461530546363,37
2024-01-01 09:54:10,103.16974619524454,98
2024-01-01 09:54:15,103.46442130577702,0
2024-01-01 09:54:20,103.91017406197248,3
2024-01-01 09:54:25,104.27249115307912,99
2024-01-01 09:54:30,103.72955314613993,21
2024-01-01 09:54:35,104.29900480702825,78
2024-01-01 09:54:40,104.29352694570123,72
2024-01-01 09:54:45,105.1916858268386,79
2024-01-01 09:54:50,104.81301315238359,73
2024-01-01 09:54:55,104.04358166311447,69
2024-01-01 09:55:00,104.37524910332301,95
2024-01-01 09:55:05,104.56543372755199,27
2024-01-01 09:55:10,103.67627004096933,85
2024-01-01 09:55:15,103.69827998848066,31
2024-01-01 09:55:20,102.88715608744629,99
2024-01-01 09:55:25,103.66584101223782,9
2024-01-01 09:55:30,104.08600894257545,56
2024-01-01 09:55:35,104.00675048227149,96
2024-01-01 09:55:40,104.87343401576588,64
2024-01-01 09:55:45,104.77343367227722,76
2024-01-01 09:55:50,104.70760521616376,57
2024-01-01 09:55:55,105.24820315005633,87
2024-01-01 09:56:00,105.8178400038507,12
2024-01-01 09:56:05,106.62559347035763,55
2024-01-01 09:56:10,107.3021587120727,21
2024-01-01 09:56:15,108.29769985939382,16
2024-01-01 09:56:20,107.79448307765777,2
2024-01-01 09:56:25,107.18462914787378,58
2024-01-01 09:56:30,106.24457489623643,16
2024-01-01 09:56:35,107.03082260050691,67
2024-01-01 09:56:40,108.03887309637832,27
2024-01-01 09:56:45,107.18278863397069,66
2024-01-01 09:56:50,106.2023949031082,60
2024-01-01 09:56:55,106.73866951867898,93
2024-01-01 09:57:00,106.47289797531229,27
2024-01-01 09:57:05,106.599686704657,57
2024-01-01 09:57:10,106.99523229233154,45
2024-01-01 09:57:15,107.30144316020723,76
2024-01-01 09:57:20,108.010319158308,30
2024-01-01 09:57:25,107.04677416925136,27
2024-01-01 09:57:30,106.80794137983354,8
2024-01-01 09:57:35,107.28269560252652,71
2024-01-01 09:57:40,106.2675865320407,42
2024-01-01 09:57:45,107.30281031281149,46
2024-01-01 09:57:50,107.58384723125354,73
2024-01-01 09:57:55,106.59054512417448,55
2024-01-01 09:58:00,105.60339247231958,75
2024-01-01 09:58:05,106.14402773661567,59
2024-01-01 09:58:10,105.80979720616592,27
2024-01-01 09:58:15,106.42784995532477,27
2024-01-01 09:58:20,106.63828827064705,47
2024-01-01 09:58:25,106.81677150752637,31
2024-01-01 09:58:30,107.88423938179035,95
2024-01-01 09:58:35,107.42505068231442,3
2024-01-01 09:58:40,107.66907107371074,68
2024-01-01 09:58:45,108.47479711805258,87
2024-01-01 09:58:50,108.43001058777534,81
2024-01-01 09:58:55,108.01194772829773,3
2024-01-01 09:59:00,107.68017999275177,1
2024-01-01 09:59:05,108.49981524716995,7
2024-01-01 09:59:10,108.67741074835244,35
2024-01-01 09:59:15,108.86731537373612,14
2024-01-01 09:59:20,108.64945196001686,24
2024-01-01 09:59:25,107.87062379610299,84
2024-01-01 09:59:30,106.93983917804286,41
2024-01-01 09:59:35,107.48350576034768,53
2024-01-01 09:59:40,107.33089222762405,35
2024-01-01 09:59:45,106.44697301242252,62
2024-01-01 09:59:50,105.83237154782988,74
2024-01-01 09:59:55,104.78202755131733,83
2024-01-01 10:00:00,104.05962129635847,93
2024-01-01 10:00:05,103.18836923095814,30
2024-01-01 10:00:10,102.22909856689101,10
2024-01-01 10:00:15,102.73064753260347,29
2024-01-01 10:00:20,102.09089251705264,60
2024-01-01 10:00:25,101.22710405815532,62
2024-01-01 10:00:30,101.20939585129328,8
2024-01-01 10:00:35,101.51951840530015,25
2024-01-01 10:00:40,102.06249747700569,30
2024-01-01 10:00:45,101.05182170248148,19
2024-01-01 10:00:50,101.70841281797195,85
2024-01-01 10:00:55,101.6797750099065,18
2024-01-01 10:01:00,100.8051201786189,55
2024-01-01 10:01:05,101.18709320862028,74
2024-01-01 10:01:10,100.55870498307915,77
2024-01-01 10:01:15,101.44587284825404,93
2024-01-01 10:01:20,100.49643852719184,5
2024-01-01 10:01:25,101.0023721890209,64
2024-01-01 10:01:30,101.73246610688237,36
2024-01-01 10:01:35,102.19886901808322,77
2024-01-01 10:01:40,102.4841805081434,39
2024-01-01 10:01:45,101.79272536610961,24
2024-01-01 10:01:50,102.1954834616911,89
2024-01-01 10:01:55,102.61914888638773,18
2024-01-01 10:02:00,103.54362095805419,92
2024-01-01 10:02:05,104.06024671970434,23
2024-01-01 10:02:10,103.23115001297766,68
2024-01-01 10:02:15,103.34531190806089,29
2024-01-01 10:02:20,103.14427994259715,44
2024-01-01 10:02:25,103.33473527394847,89
2024-01-01 10:02:30,103.44399310259733,53
2024-01-01 10:02:35,103.64945299075465,47
2024-01-01 10:02:40,103.1616154618603,63
2024-01-01 10:02:45,103.99515359113455,45
2024-01-01 10:02:50,104.99261103704082,96
2024-01-01 10:02:55,104.0234755397964,22
2024-01-01 10:03:00,104.54897551755322,52
2024-01-01 10:03:05,104.41579284811516,79
2024-01-01 10:03:10,104.00941779570599,9
2024-01-01 10:03:15,103.25584635624688,65
2024-01-01 10:03:20,102.75517621059456,59
2024-01-01 10:03:25,101.77370449962638,53
2024-01-01 10:03:30,102.24825158018169,80
2024-01-01 10:03:35,101.2782029456909,55
2024-01-01 10:03:40,101.06007169364462,24
2024-01-01 10:03:45,100.50935314547276,26
2024-01-01 10:03:50,100.93647910799275,17
2024-01-01 10:03:55,100.89673365308008,92
2024-01-01 10:04:00,101.55245989024338,11
2024-01-01 10:04:05,101.23599635343122,83
2024-01-01 10:04:10,100.95258985735241,66
2024-01-01 10:04:15,101.80619099050814,18
2024-01-01 10:04:20,102.41467496404489,35
2024-01-01 10:04:25,101.46446179090452,59
2024-01-01 10:04:30,100.80023150151096,86
2024-01-01 10:04:35,100.8377973262683,75
2024-01-01 10:04:40,101.7527001779266,59
2024-01-01 10:04:45,101.00219763510711,70
2024-01-01 10:04:50,100.75994228928951,96
2024-01-01 10:04:55,100.82066001413297,59
2024-01-01 10:05:00,101.07510633727972,52
2024-01-01 10:05:05,101.91195915447432,86
2024-01-01 10:05:10,101.5773136391946,79
2024-01-01 10:05:15,101.4363645470643,80
2024-01-01 10:05:20,100.8922302811136,37
2024-01-01 10:05:25,101.1710376775637,71
2024-01-01 10:05:30,101.42991926403636,54
2024-01-01 10:05:35,100.58459395478998,21
2024-01-01 10:05:40,100.29341191880951,97
2024-01-01 10:05:45,100.8825041632033,48
2024-01-01 10:05:50,99.94073399273336,95
2024-01-01 10:05:55,99.97771993466782,60
2024-01-01 10:06:00,99.43527093365994,39
2024-01-01 10:06:05,99.24310997563046,99
2024-01-01 10:06:10,100.23010416787687,6
2024-01-01 10:06:15,99.46329000846873,4
2024-01-01 10:06:20,99.10079549075503,61
2024-01-01 10:06:25,99.90823368625063,96
2024-01-01 10:06:30,99.65615698540671,71
2024-01-01 10:06:35,100.56693427184638,85
2024-01-01 10:06:40,100.93870546903034,24
2024-01-01 10:06:45,101.17891303109256,20
2024-01-01 10:06:50,102.17754279585935,6
2024-01-01 10:06:55,101.96510120849548,91
2024-01-01 10:07:00,101.1870635457089,56
2024-01-01 10:07:05,100.44964585294989,4
2024-01-01 10:07:10,101.05402808833267,81
2024-01-01 10:07:15,101.9744684650143,75
2024-01-01 10:07:20,101.72907706424654,72
2024-01-01 10:07:25,101.85017237958803,21
2024-01-01 10:07:30,102.63573296815835,73
2024-01-01 10:07:35,103.36500447142332,53
2024-01-01 10:07:40,102.83816574052027,12
2024-01-01 10:07:45,102.38444322260798,45
2024-01-01 10:07:50,102.88720650325125,29
2024-01-01 10:07:55,102.26357829639326,59
2024-01-01 10:08:00,101.5557653571726,7
2024-01-01 10:08:05,101.16223358810785,9
2024-01-01 10:08:10,100.30272895930437,19
2024-01-01 10:08:15,100.91182234123666,61
2024-01-01 10:08:20,101.02388990378677,42
2024-01-01 10:08:25,101.81723757878886,11
2024-01-01 10:08:30,102.81443250008365,46
2024-01-01 10:08:35,102.52470007119321,34
2024-01-01 10:08:40,101.87016510278248,79
2024-01-01 10:08:45,102.35425947292198,56
2024-01-01 10:08:50,101.74812990293289,81
2024-01-01 10:08:55,101.0931368131324,25
2024-01-01 10:09:00,101.81106367571469,6
2024-01-01 10:09:05,100.82167146541897,34
2024-01-01 10:09:10,100.99459019910607,64
2024-01-01 10:09:15,100.49139800083391,53
2024-01-01 10:09:20,100.6390500042591,48
2024-01-01 10:09:25,99.85946676873358,42
2024-01-01 10:09:30,100.15170606137217,32
2024-01-01 10:09:35,100.53331827194796,26
2024-01-01 10:09:40,101.19912927594082,17
2024-01-01 10:09:45,101.54059800070732,55
2024-01-01 10:09:50,101.54916862242598,81
2024-01-01 10:09:55,100.60363246653479,47
2024-01-01 10:10:00,100.61675524481178,71
2024-01-01 10:10:05,100.32072346600691,29
2024-01-01 10:10:10,101.2644870957198,95
2024-01-01 10:10:15,100.84015023623378,71
2024-01-01 10:10:20,100.17228923970679,57
2024-01-01 10:10:25,100.57137892458621,61
2024-01-01 10:10:30,101.02390583816003,50
2024-01-01 10:10:35,101.94706715794844,64
2024-01-01 10:10:40,101.80794908549994,50
2024-01-01 10:10:45,101.21099840098046,40
2024-01-01 10:10:50,100.6681307496958,61
2024-01-01 10:10:55,100.4779929136117,68
2024-01-01 10:11:00,100.91420220709178,54
2024-01-01 10:11:05,100.45378958121384,0
2024-01-01 10:11:10,99.94984917931441,79
2024-01-01 10:11:15,99.30965786600079,83
2024-01-01 10:11:20,99.0197430937543,87
2024-01-01 10:11:25,99.10314744313182,47
2024-01-01 10:11:30,99.8792955981932,23
2024-01-01 10:11:35,100.28532695838457,90
2024-01-01 10:11:40,100.04611663253705,15
2024-01-01 10:11:45,100.76512855248964,30
2024-01-01 10:11:50,99.76655458908421,88
2024-01-01 10:11:55,99.93313967097339,1
2024-01-01 10:12:00,99.33676410775875,71
2024-01-01 10:12:05,98.45618390727613,70
2024-01-01 10:12:10,97.62080928528302,73
2024-01-01 10:12:15,96.87554881767674,47
2024-01-01 10:12:20,97.57403334620166,66
2024-01-01 10:12:25,97.34188384355312,48
2024-01-01 10:12:30,97.67549152724867,17
2024-01-01 10:12:35,96.95218698702149,61
2024-01-01 10:12:40,96.55624549562062,5
2024-01-01 10:12:45,97.173631251061,43
2024-01-01 10:12:50,96.78895886168449,68
2024-01-01 10:12:55,97.61030045846701,82
2024-01-01 10:13:00,98.33203728192251,55
2024-01-01 10:13:05,98.47734768116072,15
2024-01-01 10:13:10,99.2596097437651,66
2024-01-01 10:13:15,99.40356473033165,88
2024-01-01 10:13:20,100.35535099345397,11
2024-01-01 10:13:25,100.00879748505636,60
2024-01-01 10:13:30,99.46359421326372,8
2024-01-01 10:13:35,98.61116613108608,36
2024-01-01 10:13:40,98.68490310125927,50
2024-01-01 10:13:45,98.24443550587681,98
2024-01-01 10:13:50,97.91314873247259,91
2024-01-01 10:13:55,97.21171768940998,67
2024-01-01 10:14:00,96.96858488265019,85
2024-01-01 10:14:05,97.34468052300906,36
2024-01-01 10:14:10,97.89504305976506,6
2024-01-01 10:14:15,97.94306111851529,56
2024-01-01 10:14:20,97.74235071653989,73
2024-01-01 10:14:25,97.74776425590213,88
2024-01-01 10:14:30,98.24662812589953,82
2024-01-01 10:14:35,98.47013784845822,76
2024-01-01 10:14:40,99.00481799480727,95
2024-01-01 10:14:45,99.95352794659891,42
2024-01-01 10:14:50,99.45837278434587,81
2024-01-01 10:14:55,99.56320740620625,31
2024-01-01 10:15:00,99.37965344503132,40
2024-01-01 10:15:05,100.3558242425907,99
2024-01-01 10:15:10,100.57020768821356,54
2024-01-01 10:15:15,99.99769570826369,40
2024-01-01 10:15:20,99.46856413948694,40
2024-01-01 10:15:25,99.10632964072666,37
2024-01-01 10:15:30,98.31762981521338,95
2024-01-01 10:15:35,97.56359447935405,65
2024-01-01 10:15:40,97.89715036506813,9
2024-01-01 10:15:45,97.2073234698936,9
2024-01-01 10:15:50,96.82264099867938,35
2024-01-01 10:15:55,96.71263730327205,25
2024-01-01 10:16:00,96.8711879322168,30
2024-01-01 10:16:05,96.38261021025284,96
2024-01-01 10:16:10,96.23607367845015,40
2024-01-01 10:16:15,96.69384770959829,35
2024-01-01 10:16:20,96.7073393775241,79
2024-01-01 10:16:25,96.32231314501146,79
2024-01-01 10:16:30,95.83141275015505,90
2024-01-01 10:16:35,94.90245808420578,30
2024-01-01 10:16:40,95.49360371356161,56
2024-01-01 10:16:45,95.68733733878598,57
2024-01-01 10:16:50,96.115536985152,37
2024-01-01 10:16:55,96.94673069687722,84
2024-01-01 10:17:00,97.78732033782045,98
2024-01-01 10:17:05,97.07365020560796,43
2024-01-01 10:17:10,97.21523622474686,67
2024-01-01 10:17:15,97.77531199260295,41
2024-01-01 10:17:20,97.08771048251587,75
2024-01-01 10:17:25,97.64802322969244,17
2024-01-01 10:17:30,97.0850988334733,28
2024-01-01 10:17:35,97.8182339757937,56
2024-01-01 10:17:40,97.86216231503052,68
2024-01-01 10:17:45,97.46581500362568,88
2024-01-01 10:17:50,97.88330677188561,78
2024-01-01 10:17:55,98.52709752065998,67
2024-01-01 10:18:00,99.12820308829271,69
2024-01-01 10:18:05,99.6297790803005,50
2024-01-01 10:18:10,100.3224215769655,72
2024-01-01 10:18:15,101.05072672477037,71
2024-01-01 10:18:20,100.47379796387901,6
2024-01-01 10:18:25,100.20300365565697,13
2024-01-01 10:18:30,99.86561326959772,82
2024-01-01 10:18:35,100.65950125244719,12
2024-01-01 10:18:40,99.96403899689246,54
2024-01-01 10:18:45,99.41088006394645,11
2024-01-01 10:18:50,99.14911482410022,33
2024-01-01 10:18:55,98.63965063634912,78
2024-01-01 10:19:00,97.86002934313618,36
2024-01-01 10:19:05,97.15668811806603,88
2024-01-01 10:19:10,97.43358805906779,48
2024-01-01 10:19:15,97.92377476521622,47
2024-01-01 10:19:20,96.95049813738814,22
2024-01-01 10:19:25,97.81359755905342,0
2024-01-01 10:19:30,97.74877774745684,11
2024-01-01 10:19:35,98.19552220629565,42
2024-01-01 10:19:40,98.01404040866834,45
2024-01-01 10:19:45,98.34948807455484,64
2024-01-01 10:19:50,99.0048090783437,91
2024-01-01 10:19:55,99.012006046638,85
2024-01-01 10:20:00,98.91161223770561,46
2024-01-01 10:20:05,98.02487125066057,68
2024-01-01 10:20:10,98.63962769879925,66
2024-01-01 10:20:15,99.1595343896586,52
2024-01-01 10:20:20,98.4016107558297,52
2024-01-01 10:20:25,99.03517857269803,65
2024-01-01 10:20:30,98.19179096256264,13
2024-01-01 10:20:35,97.90925762619297,26
2024-01-01 10:20:40,98.54922045842926,88
2024-01-01 10:20:45,98.23070146880886,86
2024-01-01 10:20:50,97.69247752450013,18
2024-01-01 10:20:55,97.09179764448353,61
2024-01-01 10:21:00,97.881835962961,92
2024-01-01 10:21:05,97.95219714401318,33
2024-01-01 10:21:10,98.60723219932905,69
2024-01-01 10:21:15,98.65136823274663,28
2024-01-01 10:21:20,98.43544870621432,56
2024-01-01 10:21:25,98.41836497712875,48
2024-01-01 10:21:30,99.01278717068661,37
2024-01-01 10:21:35,98.91780976567473,89
2024-01-01 10:21:40,98.50003106555332,63
2024-01-01 10:21:45,99.45015366487155,2
2024-01-01 10:21:50,100.3255136182672,69
2024-01-01 10:21:55,101.07169574729775,93
2024-01-01 10:22:00,101.13034603270683,21
2024-01-01 10:22:05,100.52180145751416,3
2024-01-01 10:22:10,101.06649575462107,57
2024-01-01 10:22:15,100.97613843397428,96
2024-01-01 10:22:20,100.44342234973269,8
2024-01-01 10:22:25,99.97076923797306,70
2024-01-01 10:22:30,100.01476489979815,46
2024-01-01 10:22:35,99.59643589591458,77
2024-01-01 10:22:40,100.40180817379152,19
2024-01-01 10:22:45,100.02787695435913,41
2024-01-01 10:22:50,100.57347341468993,53
2024-01-01 10:22:55,99.89993478499939,8
2024-01-01 10:23:00,100.28445890202795,11
2024-01-01 10:23:05,99.63572030627645,93
2024-01-01 10:23:10,98.67279308188962,40
2024-01-01 10:23:15,98.61535338181663,43
2024-01-01 10:23:20,98.44478365294373,73
2024-01-01 10:23:25,98.21295937877503,84
2024-01-01 10:23:30,99.07458841044263,35
2024-01-01 10:23:35,99.7556821555794,88
2024-01-01 10:23:40,100.64644095713352,27
2024-01-01 10:23:45,100.82459960116243,85
2024-01-01 10:23:50,101.72187821872816,4
2024-01-01 10:23:55,101.58851168080689,53
2024-01-01 10:24:00,100.98243736275839,82
2024-01-01 10:24:05,100.28862336916126,79
2024-01-01 10:24:10,99.82922652034907,75
2024-01-01 10:24:15,100.15420410002028,38
2024-01-01 10:24:20,100.93369055149304,21
2024-01-01 10:24:25,100.75729777056992,91
2024-01-01 10:24:30,100.07931089293874,88
2024-01-01 10:24:35,100.3036164731416,68
2024-01-01 10:24:40,99.30462134686223,35
2024-01-01 10:24:45,99.60967449424766,65
2024-01-01 10:24:50,99.23760722472971,73
2024-01-01 10:24:55,100.01205135533887,95
2024-01-01 10:25:00,100.27064615935974,35
2024-01-01 10:25:05,100.30509250264264,49
2024-01-01 10:25:10,100.48359022249544,72
2024-01-01 10:25:15,100.24217365686744,47
2024-01-01 10:25:20,100.35453268454766,95
2024-01-01 10:25:25,100.86324103487802,38
2024-01-01 10:25:30,101.33226746252296,41
2024-01-01 10:25:35,100.52688288726245,4
2024-01-01 10:25:40,101.1908911651617,64
2024-01-01 10:25:45,100.29771231235793,98
2024-01-01 10:25:50,100.17176387195667,13
2024-01-01 10:25:55,101.0662994275566,58
2024-01-01 10:26:00,100.54879002030772,84
2024-01-01 10:26:05,101.09322803514732,47
2024-01-01 10:26:10,101.32015289149135,93
2024-01-01 10:26:15,100.44239287546618,68
2024-01-01 10:26:20,100.28144574475836,28
2024-01-01 10:26:25,100.80914695371816,12
2024-01-01 10:26:30,100.64405870190593,44
2024-01-01 10:26:35,101.2859360442826,21
2024-01-01 10:26:40,101.77493100353637,49
2024-01-01 10:26:45,101.93426145779664,28
2024-01-01 10:26:50,102.25727345594983,50
2024-01-01 10:26:55,101.37172517758691,40
2024-01-01 10:27:00,100.6169561926167,44
2024-01-01 10:27:05,100.41097398123617,27
2024-01-01 10:27:10,100.55462139944304,81
2024-01-01 10:27:15,101.46471858328186,11
2024-01-01 10:27:20,102.2137629359546,5
2024-01-01 10:27:25,102.39781368466112,69
2024-01-01 10:27:30,101.38873385385679,92
2024-01-01 10:27:35,101.10542320275661,7
2024-01-01 10:27:40,100.31800297677057,15
2024-01-01 10:27:45,99.57538230392635,58
2024-01-01 10:27:50,100.33697715541263,14
2024-01-01 10:27:55,100.46546942791974,63
2024-01-01 10:28:00,100.53482001053388,31
2024-01-01 10:28:05,101.40229099723469,34
2024-01-01 10:28:10,100.94365108707044,49
2024-01-01 10:28:15,101.3102023340392,73
2024-01-01 10:28:20,100.58744424793862,72
2024-01-01 10:28:25,100.80025837090162,53
2024-01-01 10:28:30,101.10230365219914,69
2024-01-01 10:28:35,100.69829987773296,4
2024-01-01 10:28:40,101.27519912387716,92
2024-01-01 10:28:45,101.04618594939248,72
2024-01-01 10:28:50,100.21965790128539,3
2024-01-01 10:28:55,100.15114827069003,77
2024-01-01 10:29:00,99.97512043828175,16
2024-01-01 10:29:05,100.12948889711559,30
2024-01-01 10:29:10,99.92792547892692,32
2024-01-01 10:29:15,99.6454677043336,8
2024-01-01 10:29:20,100.46940343003752,83
2024-01-01 10:29:25,100.8470776506508,35
2024-01-01 10:29:30,100.08089818531796,63
2024-01-01 10:29:35,100.34584934152623,16
2024-01-01 10:29:40,101.19916197155484,48
2024-01-01 10:29:45,100.60828280008968,29
2024-01-01 10:29:50,101.37955045088357,46
2024-01-01 10:29:55,101.05970011716701,44
2024-01-01 10:30:00,100.90843444673402,0
2024-01-01 10:30:05,101.34342672342416,37
2024-01-01 10:30:10,101.38260523926088,8
2024-01-01 10:30:15,101.97486090654928,73
2024-01-01 10:30:20,101.27901847920536,86
2024-01-01 10:30:25,100.79918266766941,86
2024-01-01 10:30:30,101.04047912185138,56
2024-01-01 10:30:35,101.1887154642841,80
2024-01-01 10:30:40,100.23041122320653,57
2024-01-01 10:30:45,99.46813744603041,73
2024-01-01 10:30:50,100.14104686184854,11
2024-01-01 10:30:55,99.90547607515852,80
2024-01-01 10:31:00,99.47259285264394,3
2024-01-01 10:31:05,98.90350463024367,78
2024-01-01 10:31:10,98.9533957781893,37
2024-01-01 10:31:15,98.96675212129406,99
2024-01-01 10:31:20,98.19669469298705,41
2024-01-01 10:31:25,97.26158578257707,89
2024-01-01 10:31:30,96.62903061165159,88
2024-01-01 10:31:35,96.80718188198952,86
2024-01-01 10:31:40,96.23786914371344,35
2024-01-01 10:31:45,95.86636472817344,60
2024-01-01 10:31:50,96.62352691536515,95
2024-01-01 10:31:55,96.7432721886439,59
2024-01-01 10:32:00,96.03616919352059,31
2024-01-01 10:32:05,95.57129048002697,4
2024-01-01 10:32:10,96.185687639024,35
2024-01-01 10:32:15,96.81246267653039,69
2024-01-01 10:32:20,97.62503786191817,41
2024-01-01 10:32:25,96.9119211167152,37
2024-01-01 10:32:30,95.96482759039431,37
2024-01-01 10:32:35,95.07685960182657,13
2024-01-01 10:32:40,95.45082181786753,80
2024-01-01 10:32:45,96.1183129726684,62
2024-01-01 10:32:50,96.75136405089138,60
2024-01-01 10:32:55,96.59640055220227,86
2024-01-01 10:33:00,96.69889249408926,99
2024-01-01 10:33:05,96.59475833521154,95
2024-01-01 10:33:10,95.68220480233951,93
2024-01-01 10:33:15,96.25418479653435,35
2024-01-01 10:33:20,96.12464867881997,71
2024-01-01 10:33:25,95.96630807579801,36
2024-01-01 10:33:30,95.75734427693061,90
2024-01-01 10:33:35,95.54294689234362,18
2024-01-01 10:33:40,96.47192416776284,32
2024-01-01 10:33:45,96.74359091354899,70
2024-01-01 10:33:50,96.47815370279456,16
2024-01-01 10:33:55,96.60129196207305,19
2024-01-01 10:34:00,96.15883511813709,2
2024-01-01 10:34:05,95.70549571072739,39
2024-01-01 10:34:10,95.12086176052937,27
2024-01-01 10:34:15,94.65746413543646,77
2024-01-01 10:34:20,94.81723033144048,49
2024-01-01 10:34:25,94.82255431235978,63
2024-01-01 10:34:30,93.95650906902479,65
2024-01-01 10:34:35,93.45888520072236,29
2024-01-01 10:34:40,93.8619491534554,84
2024-01-01 10:34:45,94.63411359225594,76
2024-01-01 10:34:50,95.11151721734284,70
2024-01-01 10:34:55,95.42022977986255,93
2024-01-01 10:35:00,96.18077337007533,56
2024-01-01 10:35:05,96.28277745896595,70
2024-01-01 10:35:10,96.14652512748579,29
2024-01-01 10:35:15,96.5179122264206,64
2024-01-01 10:35:20,97.32232125585742,63
2024-01-01 10:35:25,97.39355236998759,44
2024-01-01 10:35:30,97.65974302898867,36
2024-01-01 10:35:35,97.71453053389,82
2024-01-01 10:35:40,96.92585096719058,98
2024-01-01 10:35:45,96.76809603873998,4
2024-01-01 10:35:50,95.88086165920335,63
2024-01-01 10:35:55,96.58492144615599,92
2024-01-01 10:36:00,96.44735639853688,7
2024-01-01 10:36:05,96.42351105147586,15
2024-01-01 10:36:10,95.7368768989261,61
2024-01-01 10:36:15,95.94473695715428,40
2024-01-01 10:36:20,95.54857176522687,13
2024-01-01 10:36:25,95.4076433594382,94
2024-01-01 10:36:30,96.14570348395495,74
2024-01-01 10:36:35,96.40636816046259,2
2024-01-01 10:36:40,96.11938232868792,20
2024-01-01 10:36:45,97.06174287520584,79
2024-01-01 10:36:50,97.70612661959089,11
2024-01-01 10:36:55,96.95944516501915,66
2024-01-01 10:37:00,97.6844888176297,53
2024-01-01 10:37:05,98.45291976675212,78
2024-01-01 10:37:10,99.01147085573066,66
2024-01-01 10:37:15,98.37691959400526,39
2024-01-01 10:37:20,97.66314220777856,98
2024-01-01 10:37:25,98.15681447389998,74
2024-01-01 10:37:30,98.47009158488075,69
2024-01-01 10:37:35,97.79612926496557,25
2024-01-01 10:37:40,98.08345328523109,74
2024-01-01 10:37:45,97.1440844850221,32
2024-01-01 10:37:50,97.07704568618341,75
2024-01-01 10:37:55,96.96479968707139,57
2024-01-01 10:38:00,96.72646388791712,22
2024-01-01 10:38:05,95.76420539270167,63
2024-01-01 10:38:10,95.33748811815786,79
2024-01-01 10:38:15,95.52279389863054,10
2024-01-01 10:38:20,95.25385712614342,38
2024-01-01 10:38:25,95.51151670019176,59
2024-01-01 10:38:30,96.24653272989231,4
2024-01-01 10:38:35,96.41988508890272,22
2024-01-01 10:38:40,97.18969433750274,96
2024-01-01 10:38:45,96.59064391710737,93
2024-01-01 10:38:50,97.0476880235778,79
2024-01-01 10:38:55,96.38373643085899,43
2024-01-01 10:39:00,97.25403660695689,74
2024-01-01 10:39:05,97.8393644491813,9
2024-01-01 10:39:10,97.69191533529917,91
2024-01-01 10:39:15,98.21043982479284,41
2024-01-01 10:39:20,98.99451076242435,33
2024-01-01 10:39:25,99.07077614715882,54
2024-01-01 10:39:30,98.57901838476624,7
2024-01-01 10:39:35,99.32373972800117,90
2024-01-01 10:39:40,99.21381534994427,9
2024-01-01 10:39:45,100.10469931376318,32
2024-01-01 10:39:50,99.63591284184588,76
2024-01-01 10:39:55,98.84147314074012,13
2024-01-01 10:40:00,98.78651100183596,42
2024-01-01 10:40:05,98.708988710543,81
2024-01-01 10:40:10,98.67504330524666,73
2024-01-01 10:40:15,99.32649427499786,7
2024-01-01 10:40:20,99.10428896051613,21
2024-01-01 10:40:25,99.33200484353675,80
2024-01-01 10:40:30,100.14977348349507,59
2024-01-01 10:40:35,100.24437404078805,43
2024-01-01 10:40:40,100.36241008363315,16
2024-01-01 10:40:45,100.45340322238732,0
2024-01-01 10:40:50,100.94908864303149,42
2024-01-01 10:40:55,100.922856621085,95
2024-01-01 10:41:00,100.64109477586261,63
2024-01-01 10:41:05,99.81977122862507,75
2024-01-01 10:41:10,98.99975376631717,71
2024-01-01 10:41:15,98.9664095118935,67
2024-01-01 10:41:20,99.03569641614523,60
2024-01-01 10:41:25,98.11255142634958,7
2024-01-01 10:41:30,98.77405208032329,63
2024-01-01 10:41:35,97.87988687080885,67
2024-01-01 10:41:40,98.37834332415096,42
2024-01-01 10:41:45,97.89079195352141,34
2024-01-01 10:41:50,98.65888461920458,61
2024-01-01 10:41:55,99.54615318713732,39
2024-01-01 10:42:00,98.89158932187642,82
2024-01-01 10:42:05,98.48434070927692,7
2024-01-01 10:42:10,97.75786568029595,99
2024-01-01 10:42:15,98.32733443121721,68
2024-01-01 10:42:20,97.40012197848537,26
2024-01-01 10:42:25,96.65348917824365,86
2024-01-01 10:42:30,97.49777377736272,38
2024-01-01 10:42:35,98.38140746005402,16
2024-01-01 10:42:40,97.76715537146114,22
2024-01-01 10:42:45,98.7247184336635,84
2024-01-01 10:42:50,99.01777428257137,94
2024-01-01 10:42:55,98.6736704397328,5
2024-01-01 10:43:00,98.73974108729955,46
2024-01-01 10:43:05,98.87382691987268,51
2024-01-01 10:43:10,98.8298595343904,52
2024-01-01 10:43:15,99.45391703457419,75
2024-01-01 10:43:20,99.00854835820076,73
2024-01-01 10:43:25,98.32311150824637,22
2024-01-01 10:43:30,99.183187054301,50
2024-01-01 10:43:35,100.13707730418884,8
2024-01-01 10:43:40,100.14131239938474,72
2024-01-01 10:43:45,99.93332675573555,32
2024-01-01 10:43:50,100.46414943196913,45
2024-01-01 10:43:55,100.052075621747,29
2024-01-01 10:44:00,100.26053269662151,48
2024-01-01 10:44:05,99.39743162708751,1
2024-01-01 10:44:10,99.2454125064152,96
2024-01-01 10:44:15,99.57167165443816,92
2024-01-01 10:44:20,100.27476143802326,36
2024-01-01 10:44:25,99.79361943780277,61
2024-01-01 10:44:30,99.63880764486802,61
2024-01-01 10:44:35,100.19874860605029,68
2024-01-01 10:44:40,99.88553006850935,86
2024-01-01 10:44:45,100.7897237469276,22
2024-01-01 10:44:50,100.1805791746967,56
2024-01-01 10:44:55,100.57835501279546,69
2024-01-01 10:45:00,100.52736075213083,21
2024-01-01 10:45:05,100.41803001919368,84
2024-01-01 10:45:10,100.83323866891477,43
2024-01-01 10:45:15,101.5465458709615,71
2024-01-01 10:45:20,100.66128408596217,40
2024-01-01 10:45:25,100.7319308524935,74
2024-01-01 10:45:30,100.88103176178213,47
2024-01-01 10:45:35,101.03631376212454,59
2024-01-01 10:45:40,101.32518362963566,28
2024-01-01 10:45:45,100.55704742301329,23
2024-01-01 10:45:50,100.676737626503,49
2024-01-01 10:45:55,100.13516831589509,46
2024-01-01 10:46:00,100.56457123187565,42
2024-01-01 10:46:05,101.40457076031787,47
2024-01-01 10:46:10,101.63733882471222,42
2024-01-01 10:46:15,101.23670876176668,92
2024-01-01 10:46:20,101.50293371943849,82
2024-01-01 10:46:25,100.50132678864125,63
2024-01-01 10:46:30,100.00581637819332,20
2024-01-01 10:46:35,99.07136446872487,14
2024-01-01 10:46:40,99.13903289136259,22
2024-01-01 10:46:45,100.02615994657948,82
2024-01-01 10:46:50,100.43959886535184,72
2024-01-01 10:46:55,99.83971087594057,85
2024-01-01 10:47:00,98.9115146767951,15
2024-01-01 10:47:05,97.9707317497392,71
2024-01-01 10:47:10,97.41755187806868,62
2024-01-01 10:47:15,96.96811261790064,53
2024-01-01 10:47:20,96.48529520480896,81
2024-01-01 10:47:25,96.9962231930082,98
2024-01-01 10:47:30,96.03671838935928,40
2024-01-01 10:47:35,95.4366191413257,33
2024-01-01 10:47:40,95.30875372726724,10
2024-01-01 10:47:45,95.432153376618,38
2024-01-01 10:47:50,94.5001168338094,61
2024-01-01 10:47:55,94.75495218724645,89
2024-01-01 10:48:00,93.88937330247,67
2024-01-01 10:48:05,94.67595071833347,47
2024-01-01 10:48:10,95.51520645036209,95
2024-01-01 10:48:15,95.30779356896346,48
2024-01-01 10:48:20,95.26328425355905,57
2024-01-01 10:48:25,95.03087458566802,28
2024-01-01 10:48:30,94.37132632352623,29
2024-01-01 10:48:35,93.9819663774173,44
2024-01-01 10:48:40,93.27258858956742,62
2024-01-01 10:48:45,92.45092072599633,2
2024-01-01 10:48:50,91.5437379665944,73
2024-01-01 10:48:55,92.41061243023405,76
2024-01-01 10:49:00,93.17436978495842,86
2024-01-01 10:49:05,93.48660623524195,98
2024-01-01 10:49:10,93.99551682901,44
2024-01-01 10:49:15,94.83291187612527,78
2024-01-01 10:49:20,95.09009067076458,50
2024-01-01 10:49:25,94.46130162938918,69
2024-01-01 10:49:30,94.57213421501302,63
2024-01-01 10:49:35,95.19395376789141,27
2024-01-01 10:49:40,94.51880201394815,34
2024-01-01 10:49:45,94.79832472727497,23
2024-01-01 10:49:50,94.37918272212141,75
2024-01-01 10:49:55,93.91841239965574,74
2024-01-01 10:50:00,93.09338357626046,24
2024-01-01 10:50:05,92.34272324568302,65
2024-01-01 10:50:10,91.62374029158468,94
2024-01-01 10:50:15,91.3543955125589,50
2024-01-01 10:50:20,91.95865612409699,69
2024-01-01 10:50:25,92.2386619718672,87
2024-01-01 10:50:30,91.67702586626696,87
2024-01-01 10:50:35,91.30794376799959,85
2024-01-01 10:50:40,91.55438188700745,29
2024-01-01 10:50:45,92.44015730352382,74
2024-01-01 10:50:50,92.8209984541233,81
2024-01-01 10:50:55,92.50144558921747,46
2024-01-01 10:51:00,92.99475682421044,68
2024-01-01 10:51:05,92.49105690932305,70
2024-01-01 10:51:10,92.78045727918773,79
2024-01-01 10:51:15,92.8918123638744,22
2024-01-01 10:51:20,93.00457062604379,90
2024-01-01 10:51:25,92.63611259885505,6
2024-01-01 10:51:30,93.28785904673904,41
2024-01-01 10:51:35,92.91506825719095,93
2024-01-01 10:51:40,92.99068697809656,91
2024-01-01 10:51:45,92.43415193989884,25
2024-01-01 10:51:50,92.12127325602434,83
2024-01-01 10:51:55,92.982249120249,72
2024-01-01 10:52:00,93.37378017986677,43
2024-01-01 10:52:05,92.96935697137863,38
2024-01-01 10:52:10,92.68635341861165,83
2024-01-01 10:52:15,93.36168585194368,37
2024-01-01 10:52:20,94.04682936233917,0
2024-01-01 10:52:25,93.89185893867365,42
2024-01-01 10:52:30,93.07108341878948,97
2024-01-01 10:52:35,93.26602722159106,42
2024-01-01 10:52:40,93.7400493610103,19
2024-01-01 10:52:45,93.08451409161582,38
2024-01-01 10:52:50,94.00037284629754,64
2024-01-01 10:52:55,93.20007760235369,83
2024-01-01 10:53:00,93.89378613342113,99
2024-01-01 10:53:05,94.0531597027038,71
2024-01-01 10:53:10,94.88580045940711,41
2024-01-01 10:53:15,94.82988883021406,51
2024-01-01 10:53:20,94.77577224908994,54
2024-01-01 10:53:25,94.84654488352989,48
2024-01-01 10:53:30,94.56798309811093,17
2024-01-01 10:53:35,94.93408556634411,69
2024-01-01 10:53:40,94.76595821881263,74
2024-01-01 10:53:45,94.04590039888373,69
2024-01-01 10:53:50,94.4905607955695,75
2024-01-01 10:53:55,94.84503720987655,50
2024-01-01 10:54:00,95.40573200927415,84
2024-01-01 10:54:05,94.89491383794291,79
2024-01-01 10:54:10,95.48127691883842,37
2024-01-01 10:54:15,94.68874843025087,0
2024-01-01 10:54:20,95.27509079242814,42
2024-01-01 10:54:25,95.75183302077879,9
2024-01-01 10:54:30,95.93941996837421,38
2024-01-01 10:54:35,95.35132670752863,75
2024-01-01 10:54:40,95.32300913983856,90
2024-01-01 10:54:45,94.58546565573567,4
2024-01-01 10:54:50,94.18071399259189,31
2024-01-01 10:54:55,94.20125833849576,2
2024-01-01 10:55:00,94.22617371448251,58
2024-01-01 10:55:05,94.58115056272212,55
2024-01-01 10:55:10,94.63519093624997,59
2024-01-01 10:55:15,93.95466244914499,18
2024-01-01 10:55:20,93.37536544650342,36
2024-01-01 10:55:25,93.03179421638951,25
2024-01-01 10:55:30,92.42873078110652,25
2024-01-01 10:55:35,91.76217820727759,77
2024-01-01 10:55:40,91.69257723230153,76
2024-01-01 10:55:45,91.54516789418844,78
2024-01-01 10:55:50,91.64891094428354,2
2024-01-01 10:55:55,91.95695936520103,44
2024-01-01 10:56:00,91.27939148451463,19
2024-01-01 10:56:05,90.44655978892241,83
2024-01-01 10:56:10,90.37076904636805,38
2024-01-01 10:56:15,90.88297291069452,45
2024-01-01 10:56:20,90.40824908261789,77
2024-01-01 10:56:25,91.09284949845552,22
2024-01-01 10:56:30,91.20477287570267,13
2024-01-01 10:56:35,91.59833623278396,50
2024-01-01 10:56:40,90.82368906009643,39
2024-01-01 10:56:45,91.28714151522105,88
2024-01-01 10:56:50,91.88488616899875,61
2024-01-01 10:56:55,91.75071141610988,28
2024-01-01 10:57:00,92.19292617592059,89
2024-01-01 10:57:05,92.57038510093979,70
2024-01-01 10:57:10,91.71135926776526,76
2024-01-01 10:57:15,90.88056354934051,49
2024-01-01 10:57:20,90.57620495415556,64
2024-01-01 10:57:25,90.71017498520163,18
2024-01-01 10:57:30,91.56035846873621,67
2024-01-01 10:57:35,91.71470202621543,28
2024-01-01 10:57:40,91.0313417692458,44
2024-01-01 10:57:45,91.48295612370843,83
2024-01-01 10:57:50,90.6916007957561,74
2024-01-01 10:57:55,91.2807130627305,58
2024-01-01 10:58:00,90.91163860577197,75
2024-01-01 10:58:05,91.73636245358946,10
2024-01-01 10:58:10,92.34481671854198,66
2024-01-01 10:58:15,92.00645521781554,14
2024-01-01 10:58:20,91.89159666271843,25
2024-01-01 10:58:25,91.11683906205651,98
2024-01-01 10:58:30,91.36151547223847,17
2024-01-01 10:58:35,91.9141937399857,28
2024-01-01 10:58:40,91.2272930225871,54
2024-01-01 10:58:45,91.14571892446007,5
2024-01-01 10:58:50,91.55669265833107,85
2024-01-01 10:58:55,91.69099505627464,14
2024-01-01 10:59:00,92.24694411595803,19
2024-01-01 10:59:05,92.23941444410576,10
2024-01-01 10:59:10,92.23736811540547,26
2024-01-01 10:59:15,92.18811432161436,50
2024-01-01 10:59:20,91.89413114174529,8
2024-01-01 10:59:25,91.21923148971851,79
2024-01-01 10:59:30,91.82249509150786,34
2024-01-01 10:59:35,91.10882274470977,90
2024-01-01 10:59:40,90.23131879802835,79
2024-01-01 10:59:45,90.8037260714753,4
2024-01-01 10:59:50,90.06288277752185,65
2024-01-01 10:59:55,89.44387061770337,71
2024-01-01 11:00:00,89.4376049131906,39
2024-01-01 11:00:05,90.10860820685247,27
2024-01-01 11:00:10,90.04229293099385,93
2024-01-01 11:00:15,89.21938384049209,50
2024-01-01 11:00:20,89.20785527326078,19
2024-01-01 11:00:25,88.48209605683121,1
2024-01-01 11:00:30,88.87911226805781,46
2024-01-01 11:00:35,89.54446028207008,41
2024-01-01 11:00:40,89.01052141205659,33
2024-01-01 11:00:45,88.25512476164346,48
2024-01-01 11:00:50,88.36538061412381,38
2024-01-01 11:00:55,88.55827969540766,67
2024-01-01 11:01:00,89.26458755756,37
2024-01-01 11:01:05,89.78382931317942,65
2024-01-01 11:01:10,89.47780614250262,20
2024-01-01 11:01:15,88.612506669476,30
2024-01-01 11:01:20,88.0292743607785,26
2024-01-01 11:01:25,87.57245153732808,76
2024-01-01 11:01:30,87.2144728097244,37
2024-01-01 11:01:35,88.07425752309905,63
2024-01-01 11:01:40,88.66227374444497,23
2024-01-01 11:01:45,88.0619004786279,49
2024-01-01 11:01:50,88.93390919411934,8
2024-01-01 11:01:55,88.27401645506728,59
2024-01-01 11:02:00,87.60456083418536,32
2024-01-01 11:02:05,86.93607239860569,57
2024-01-01 11:02:10,86.07232081455136,40
2024-01-01 11:02:15,86.11097431764816,47
2024-01-01 11:02:20,85.74839804874674,8
2024-01-01 11:02:25,86.13447280464771,24
2024-01-01 11:02:30,85.90331835048634,45
2024-01-01 11:02:35,85.30968829989398,58
2024-01-01 11:02:40,86.08660272537266,37
2024-01-01 11:02:45,86.23612641116524,1
2024-01-01 11:02:50,86.42914025046645,70
2024-01-01 11:02:55,86.96932277431307,16
2024-01-01 11:03:00,87.54065465335634,59
2024-01-01 11:03:05,88.02417259319371,62
2024-01-01 11:03:10,88.14083108094678,20
2024-01-01 11:03:15,87.65423001412032,1
2024-01-01 11:03:20,87.2644339526991,36
2024-01-01 11:03:25,88.07814330423744,19
2024-01-01 11:03:30,87.4748907159394,21
2024-01-01 11:03:35,87.07643699477529,24
2024-01-01 11:03:40,87.61040488012117,34
2024-01-01 11:03:45,87.68387610221033,54
2024-01-01 11:03:50,87.3785711224142,52
2024-01-01 11:03:55,87.20124290037428,74
2024-01-01 11:04:00,87.34649589646428,26
2024-01-01 11:04:05,87.14110585054769,46
2024-01-01 11:04:10,86.99811424161022,51
2024-01-01 11:04:15,87.00086441422748,9
2024-01-01 11:04:20,87.39967292662902,7
2024-01-01 11:04:25,88.22868867394087,53
2024-01-01 11:04:30,88.50095629402927,65
2024-01-01 11:04:35,88.76876172031932,80
2024-01-01 11:04:40,88.90232152728746,20
2024-01-01 11:04:45,88.77067863219187,25
2024-01-01 11:04:50,88.19696897134618,66
2024-01-01 11:04:55,88.68327289967397,83
2024-01-01 11:05:00,89.36829355306253,31
2024-01-01 11:05:05,89.76187946465568,74
2024-01-01 11:05:10,90.6267749889637,30
2024-01-01 11:05:15,90.5934963254138,13
2024-01-01 11:05:20,90.13695166613411,76
2024-01-01 11:05:25,89.28150567616163,55
2024-01-01 11:05:30,89.86955156950432,55
2024-01-01 11:05:35,89.57299138617469,1
2024-01-01 11:05:40,89.1415509538804,96
2024-01-01 11:05:45,88.40825193011662,9
2024-01-01 11:05:50,88.19889768192158,66
2024-01-01 11:05:55,87.85244607830032,27
2024-01-01 11:06:00,87.52678560007433,72
2024-01-01 11:06:05,87.6757767377671,74
2024-01-01 11:06:10,88.362683875259,62
2024-01-01 11:06:15,87.58425068640446,57
2024-01-01 11:06:20,87.63176361910979,96
2024-01-01 11:06:25,86.94908184323391,58
2024-01-01 11:06:30,86.11110818130948,65
2024-01-01 11:06:35,85.52173939513592,36
2024-01-01 11:06:40,85.6281096226401,45
2024-01-01 11:06:45,85.6142698195956,12
2024-01-01 11:06:50,86.07564689919693,68
2024-01-01 11:06:55,86.55961104579048,65
2024-01-01 11:07:00,87.16977020285053,78
2024-01-01 11:07:05,87.83318450773733,97
2024-01-01 11:07:10,87.86939901533073,70
2024-01-01 11:07:15,87.06651105900555,72
2024-01-01 11:07:20,86.7571843597135,15
2024-01-01 11:07:25,86.84418449214459,70
2024-01-01 11:07:30,87.53646514879007,54
2024-01-01 11:07:35,87.55004780987778,41
2024-01-01 11:07:40,88.02135242082238,69
2024-01-01 11:07:45,88.54912204420249,0
2024-01-01 11:07:50,89.10322179110717,89
2024-01-01 11:07:55,88.23489000487106,7
2024-01-01 11:08:00,88.19112106919704,63
2024-01-01 11:08:05,87.48059836534594,88
2024-01-01 11:08:10,87.22850053019995,50
2024-01-01 11:08:15,88.04969609836422,28
2024-01-01 11:08:20,88.90747413118008,33
2024-01-01 11:08:25,89.69916142216367,55
2024-01-01 11:08:30,88.83700432364883,66
2024-01-01 11:08:35,89.22603439072536,62
2024-01-01 11:08:40,88.67559260035168,42
2024-01-01 11:08:45,89.24890831612119,53
2024-01-01 11:08:50,88.6174278297647,50
2024-01-01 11:08:55,88.30221463950738,27
2024-01-01 11:09:00,88.44081163649616,9
2024-01-01 11:09:05,87.80994013431292,1
2024-01-01 11:09:10,88.01348402808941,77
2024-01-01 11:09:15,87.51447805682658,69
2024-01-01 11:09:20,87.21623003206078,12
2024-01-01 11:09:25,87.60913377311665,99
2024-01-01 11:09:30,88.42088804557413,43
2024-01-01 11:09:35,88.78778262275254,3
2024-01-01 11:09:40,88.86703167521276,93
2024-01-01 11:09:45,88.94144587489554,49
2024-01-01 11:09:50,88.48612283896932,25
2024-01-01 11:09:55,88.91586789027215,97
2024-01-01 11:10:00,89.76699312305576,1
2024-01-01 11:10:05,90.29673949380243,20
2024-01-01 11:10:10,90.4373826639239,88
2024-01-01 11:10:15,89.99053026973215,56
2024-01-01 11:10:20,90.88399319842073,56
2024-01-01 11:10:25,91.10472175054137,91
2024-01-01 11:10:30,91.45543137927697,21
2024-01-01 11:10:35,91.51310628630372,89
2024-01-01 11:10:40,91.0280875046896,48
2024-01-01 11:10:45,90.74155880476046,81
2024-01-01 11:10:50,90.72645924941608,18
2024-01-01 11:10:55,90.7323663575669,27
2024-01-01 11:11:00,91.59199711144193,92
2024-01-01 11:11:05,90.68023681361373,81
2024-01-01 11:11:10,90.07757078292516,14
2024-01-01 11:11:15,89.907396499992,90
2024-01-01 11:11:20,90.15530395587386,56
2024-01-01 11:11:25,90.2342801346107,2
2024-01-01 11:11:30,90.83344576089219,23
2024-01-01 11:11:35,90.48453248314419,88
2024-01-01 11:11:40,90.4427363662722,43
2024-01-01 11:11:45,89.6673821112276,11
2024-01-01 11:11:50,89.85986732087474,17
2024-01-01 11:11:55,90.19264979233687,69
2024-01-01 11:12:00,90.79588579771716,79
2024-01-01 11:12:05,91.70364618434314,17
2024-01-01 11:12:10,92.18375988142921,30
2024-01-01 11:12:15,91.284894115357,9
2024-01-01 11:12:20,91.65938144408275,3
2024-01-01 11:12:25,91.53375752253493,7
2024-01-01 11:12:30,91.58331798590447,69
2024-01-01 11:12:35,92.36680143583222,62
2024-01-01 11:12:40,92.37749538630898,6
2024-01-01 11:12:45,92.04103699801621,26
2024-01-01 11:12:50,92.53696702175485,7
2024-01-01 11:12:55,92.21105503553538,84
2024-01-01 11:13:00,92.5556763563747,8
2024-01-01 11:13:05,92.55336478941128,30
2024-01-01 11:13:10,92.99665142416836,84
2024-01-01 11:13:15,92.25706414781826,48
2024-01-01 11:13:20,92.70373841585192,52
2024-01-01 11:13:25,93.59809998292697,11
2024-01-01 11:13:30,93.02789217524769,50
2024-01-01 11:13:35,92.27091947459351,56
2024-01-01 11:13:40,92.31385686804877,30
2024-01-01 11:13:45,91.94375556254465,69
2024-01-01 11:13:50,91.13815135024434,55
2024-01-01 11:13:55,90.68880424792981,87
2024-01-01 11:14:00,91.2328028399052,44
2024-01-01 11:14:05,91.15151271088774,36
2024-01-01 11:14:10,90.45391145253538,73
2024-01-01 11:14:15,91.23098555408733,26
2024-01-01 11:14:20,90.90862427195965,67
2024-01-01 11:14:25,91.34310005910324,74
2024-01-01 11:14:30,91.136731286469,23
2024-01-01 11:14:35,91.6856510857819,41
2024-01-01 11:14:40,92.42173310507255,15
2024-01-01 11:14:45,92.07962203919341,3
2024-01-01 11:14:50,92.06853151875302,19
2024-01-01 11:14:55,92.48622635412046,13
2024-01-01 11:15:00,92.89317556840643,70
2024-01-01 11:15:05,93.05629810761425,45
2024-01-01 11:15:10,93.12513302433585,63
2024-01-01 11:15:15,92.42556676285135,78
2024-01-01 11:15:20,92.78391608995135,85
2024-01-01 11:15:25,93.62744821482622,51
2024-01-01 11:15:30,93.81204717735825,81
2024-01-01 11:15:35,93.05979660659283,85
2024-01-01 11:15:40,93.19131440116477,64
2024-01-01 11:15:45,93.72785453089753,6
2024-01-01 11:15:50,93.90113289765225,19
2024-01-01 11:15:55,93.44881629770225,73
2024-01-01 11:16:00,93.20270109014461,78
2024-01-01 11:16:05,92.95484441739825,48
2024-01-01 11:16:10,92.15698438644976,96
2024-01-01 11:16:15,92.23368597910194,67
2024-01-01 11:16:20,91.51087442709677,43
2024-01-01 11:16:25,90.88290773267462,1
2024-01-01 11:16:30,91.48544009831365,74
2024-01-01 11:16:35,92.05813702062619,28
2024-01-01 11:16:40,92.3404185626096,46
2024-01-01 11:16:45,92.65427366616038,35
2024-01-01 11:16:50,92.4817347543446,59
2024-01-01 11:16:55,92.54705046777298,31
2024-01-01 11:17:00,92.17700056407354,68
2024-01-01 11:17:05,92.34574127902091,2
2024-01-01 11:17:10,93.0829490473888,98
2024-01-01 11:17:15,92.6172758901424,49
2024-01-01 11:17:20,93.52738966524748,7
2024-01-01 11:17:25,94.30784348790313,14
2024-01-01 11:17:30,94.92661435570884,69
2024-01-01 11:17:35,95.71958759788492,17
2024-01-01 11:17:40,95.79312171000565,60
2024-01-01 11:17:45,96.02570786873068,35
2024-01-01 11:17:50,96.47872145279389,86
2024-01-01 11:17:55,96.41555097216701,80
2024-01-01 11:18:00,96.09767719666597,34
2024-01-01 11:18:05,97.00797366159829,57
2024-01-01 11:18:10,96.38847731455496,99
2024-01-01 11:18:15,96.45849453675174,55
2024-01-01 11:18:20,96.68261138555292,54
2024-01-01 11:18:25,96.77467090140487,30
2024-01-01 11:18:30,96.48218186914976,88
2024-01-01 11:18:35,96.33666321599874,78
2024-01-01 11:18:40,96.86364785247969,93
2024-01-01 11:18:45,97.06328374243425,39
2024-01-01 11:18:50,97.80100167422842,72
2024-01-01 11:18:55,98.42702260997552,36
2024-01-01 11:19:00,97.8318038193705,27
2024-01-01 11:19:05,97.7296229063044,41
2024-01-01 11:19:10,98.0984214081112,25
2024-01-01 11:19:15,97.52301969568997,33
2024-01-01 11:19:20,98.2006121162282,95
2024-01-01 11:19:25,97.69068315116002,27
2024-01-01 11:19:30,97.91573584010474,88
2024-01-01 11:19:35,98.52913861019523,23
2024-01-01 11:19:40,98.03460664193652,73
2024-01-01 11:19:45,97.50882901995125,32
2024-01-01 11:19:50,97.12743053284005,68
2024-01-01 11:19:55,97.39894107711943,15
2024-01-01 11:20:00,97.69576820294799,83
2024-01-01 11:20:05,96.77406196457675,92
2024-01-01 11:20:10,96.26883489217931,70
2024-01-01 11:20:15,96.81952765130568,62
2024-01-01 11:20:20,97.70997775609368,16
2024-01-01 11:20:25,96.9154795142776,15
2024-01-01 11:20:30,97.46526435416196,66
2024-01-01 11:20:35,97.00304633193944,95
2024-01-01 11:20:40,96.83336124485879,50
2024-01-01 11:20:45,96.03926554799533,22
2024-01-01 11:20:50,95.2115144897314,80
2024-01-01 11:20:55,95.61268492417993,79
2024-01-01 11:21:00,96.21502261280371,69
2024-01-01 11:21:05,96.31188493516349,54
2024-01-01 11:21:10,95.36389509195551,16
2024-01-01 11:21:15,95.08286380062927,32
2024-01-01 11:21:20,94.33600045483693,39
2024-01-01 11:21:25,93.6956451224485,8
2024-01-01 11:21:30,93.23164165303501,44
2024-01-01 11:21:35,93.82733093443873,21
2024-01-01 11:21:40,93.44997002431528,77
2024-01-01 11:21:45,93.03611374394055,19
2024-01-01 11:21:50,92.40378284251794,52
2024-01-01 11:21:55,91.80594870302666,30
2024-01-01 11:22:00,91.17645147260949,8
2024-01-01 11:22:05,91.91026413281192,17
2024-01-01 11:22:10,92.7481624614529,81
2024-01-01 11:22:15,93.35711733716983,88
2024-01-01 11:22:20,93.98142733229395,89
2024-01-01 11:22:25,93.4213712598799,45
2024-01-01 11:22:30,94.32084406338757,79
2024-01-01 11:22:35,94.51323209286373,53
2024-01-01 11:22:40,95.13877683724573,92
2024-01-01 11:22:45,95.47336523305484,25
2024-01-01 11:22:50,94.53731503868927,46
2024-01-01 11:22:55,94.98752619949141,43
2024-01-01 11:23:00,95.50999849894744,70
2024-01-01 11:23:05,95.32772033518478,76
2024-01-01 11:23:10,94.4820202335457,39
2024-01-01 11:23:15,94.93045743176978,72
2024-01-01 11:23:20,94.6128773478928,79
2024-01-01 11:23:25,94.65392858993474,0
2024-01-01 11:23:30,94.80411700261972,57
2024-01-01 11:23:35,94.06286043054884,82
2024-01-01 11:23:40,93.82077205026198,46
2024-01-01 11:23:45,94.22921560933911,56
2024-01-01 11:23:50,94.04277496882719,9
2024-01-01 11:23:55,93.96515257905064,16
2024-01-01 11:24:00,93.3214309540161,61
2024-01-01 11:24:05,93.35790928870105,24
2024-01-01 11:24:10,92.96513344741321,14
2024-01-01 11:24:15,93.360650331449,5
2024-01-01 11:24:20,93.71370279405153,90
2024-01-01 11:24:25,94.01854474120194,82
2024-01-01 11:24:30,94.37326118196033,34
2024-01-01 11:24:35,95.25485143834132,51
2024-01-01 11:24:40,95.8781476215226,73
2024-01-01 11:24:45,95.92158871819963,95
2024-01-01 11:24:50,96.77068623451389,53
2024-01-01 11:24:55,96.40802100350773,51
2024-01-01 11:25:00,96.30905658950017,93
2024-01-01 11:25:05,95.76543223883965,27
2024-01-01 11:25:10,96.29481025443911,26
2024-01-01 11:25:15,96.66730731974758,7
2024-01-01 11:25:20,96.28131754847924,36
2024-01-01 11:25:25,96.94209565634384,90
2024-01-01 11:25:30,96.1960152348933,40
2024-01-01 11:25:35,96.22302219077864,23
2024-01-01 11:25:40,96.67009168764656,1
2024-01-01 11:25:45,97.52372599481951,95
2024-01-01 11:25:50,96.99958566543818,0
2024-01-01 11:25:55,96.7009647268399,38
2024-01-01 11:26:00,97.29496901503332,92
2024-01-01 11:26:05,97.9789390667025,21
2024-01-01 11:26:10,97.54179840832438,11
2024-01-01 11:26:15,97.66955710512354,68
2024-01-01 11:26:20,97.40520525817965,23
2024-01-01 11:26:25,97.49909037443207,64
2024-01-01 11:26:30,98.14930341231464,41
2024-01-01 11:26:35,98.80002599852024,7
2024-01-01 11:26:40,98.78497540201377,2
2024-01-01 11:26:45,98.7507723997056,68
2024-01-01 11:26:50,98.11731750633682,8
2024-01-01 11:26:55,98.74780107094313,62
2024-01-01 11:27:00,99.64673202836586,93
2024-01-01 11:27:05,99.05977767998813,14
2024-01-01 11:27:10,98.15943495334803,4
2024-01-01 11:27:15,98.46249534228681,82
2024-01-01 11:27:20,98.37330572673629,54
2024-01-01 11:27:25,99.31132494329138,94
2024-01-01 11:27:30,98.37697233300545,12
2024-01-01 11:27:35,98.55617202265461,64
2024-01-01 11:27:40,97.932928782842,44
2024-01-01 11:27:45,97.29799451511244,55
2024-01-01 11:27:50,97.22730478050069,20
2024-01-01 11:27:55,96.29896908087115,68
2024-01-01 11:28:00,97.1014897568573,29
2024-01-01 11:28:05,97.32150987654863,98
2024-01-01 11:28:10,97.16287922732047,83
2024-01-01 11:28:15,96.92846315999469,54
2024-01-01 11:28:20,95.96469049028671,32
2024-01-01 11:28:25,95.38506180186799,90
2024-01-01 11:28:30,95.54009082341145,62
2024-01-01 11:28:35,95.34292860384632,94
2024-01-01 11:28:40,95.97461431278609,11
2024-01-01 11:28:45,95.93611438226087,16
2024-01-01 11:28:50,95.56558166144923,32
2024-01-01 11:28:55,95.23332705594729,56
2024-01-01 11:29:00,95.04141327397976,96
2024-01-01 11:29:05,94.21221596071793,46
2024-01-01 11:29:10,95.12662340926853,25
2024-01-01 11:29:15,94.3147786254353,4
2024-01-01 11:29:20,94.06690684867003,21
2024-01-01 11:29:25,94.68825707814776,79
2024-01-01 11:29:30,94.66403495653844,75
2024-01-01 11:29:35,94.41376929570826,43
2024-01-01 11:29:40,93.85456284624256,60
2024-01-01 11:29:45,93.05084822157887,75
2024-01-01 11:29:50,92.7144353559201,9
2024-01-01 11:29:55,93.04953541948407,36
2024-01-01 11:30:00,93.64390106151903,46
2024-01-01 11:30:05,94.33702843569702,78
2024-01-01 11:30:10,93.48397021195639,0
2024-01-01 11:30:15,92.88554091251694,72
2024-01-01 11:30:20,93.63065829619089,65
2024-01-01 11:30:25,94.54935821830463,50
2024-01-01 11:30:30,94.01151449410942,96
2024-01-01 11:30:35,94.28569512557246,58
2024-01-01 11:30:40,94.75312762607358,50
2024-01-01 11:30:45,95.67441039320418,94
2024-01-01 11:30:50,95.08317829120836,8
2024-01-01 11:30:55,95.87462026215027,69
2024-01-01 11:31:00,96.26773846807937,34
2024-01-01 11:31:05,96.31578012027344,58
2024-01-01 11:31:10,97.15141714066948,7
2024-01-01 11:31:15,96.65970325862554,12
2024-01-01 11:31:20,97.27127843926112,11
2024-01-01 11:31:25,97.70649673448325,96
2024-01-01 11:31:30,98.18830940563264,30
2024-01-01 11:31:35,98.80262919155199,62
2024-01-01 11:31:40,98.64029613086755,82
2024-01-01 11:31:45,98.24996166530784,61
2024-01-01 11:31:50,97.34838550129665,36
2024-01-01 11:31:55,96.99142225838216,41
2024-01-01 11:32:00,96.28688925746611,26
2024-01-01 11:32:05,95.98985090791453,27
2024-01-01 11:32:10,95.17178833616363,10
2024-01-01 11:32:15,94.74480857374375,97
2024-01-01 11:32:20,94.62794955400729,27
2024-01-01 11:32:25,94.3953882694824,88
2024-01-01 11:32:30,94.34314845156885,19
2024-01-01 11:32:35,95.03813914455395,67
2024-01-01 11:32:40,94.69110531492431,6
2024-01-01 11:32:45,94.94010602968312,20
2024-01-01 11:32:50,95.7059720212822,3
2024-01-01 11:32:55,95.98416100936416,17
2024-01-01 11:33:00,95.37157721749045,23
2024-01-01 11:33:05,96.28295458677735,62
2024-01-01 11:33:10,96.81610995325819,84
2024-01-01 11:33:15,96.67179272444581,52
2024-01-01 11:33:20,97.13582438912658,43
2024-01-01 11:33:25,97.64361866630556,94
2024-01-01 11:33:30,96.80664552545684,20
2024-01-01 11:33:35,96.05935960853438,69
2024-01-01 11:33:40,95.99489331275075,91
2024-01-01 11:33:45,96.20720707752675,76
2024-01-01 11:33:50,96.76196847377607,23
2024-01-01 11:33:55,96.05527616187912,88
2024-01-01 11:34:00,96.35839333652103,51
2024-01-01 11:34:05,96.89399069092818,64
2024-01-01 11:34:10,95.97283414344665,10
2024-01-01 11:34:15,96.58695333300759,0
2024-01-01 11:34:20,96.25818784261598,11
2024-01-01 11:34:25,97.16658618961759,43
2024-01-01 11:34:30,97.07972069804995,19
2024-01-01 11:34:35,97.46356294420696,51
2024-01-01 11:34:40,96.71013998119679,41
2024-01-01 11:34:45,97.60431901621641,39
2024-01-01 11:34:50,97.90372321043681,99
2024-01-01 11:34:55,97.62801442681167,98
2024-01-01 11:35:00,98.00527075503696,74
2024-01-01 11:35:05,97.60924275230255,80
2024-01-01 11:35:10,97.64242303236908,33
2024-01-01 11:35:15,98.00939897729475,84
2024-01-01 11:35:20,98.32665508865061,0
2024-01-01 11:35:25,97.62058994508327,19
2024-01-01 11:35:30,97.49937969319907,1
2024-01-01 11:35:35,96.79278451205887,99
2024-01-01 11:35:40,96.37244355522672,77
2024-01-01 11:35:45,96.4445495352182,12
2024-01-01 11:35:50,95.48825702715173,82
2024-01-01 11:35:55,95.94088395056856,6
2024-01-01 11:36:00,95.26994763289751,36
2024-01-01 11:36:05,95.82264475175077,45
2024-01-01 11:36:10,96.15459019240757,89
2024-01-01 11:36:15,95.27324483318424,78
2024-01-01 11:36:20,94.44409585626055,73
2024-01-01 11:36:25,95.28212720593133,90
2024-01-01 11:36:30,95.84157028611115,11
2024-01-01 11:36:35,96.54357981408694,42
2024-01-01 11:36:40,96.40628709727034,41
2024-01-01 11:36:45,96.05342186396753,78
2024-01-01 11:36:50,95.66796907251238,65
2024-01-01 11:36:55,95.47438456365425,4
2024-01-01 11:37:00,95.7091189847442,99
2024-01-01 11:37:05,96.41545371201117,70
2024-01-01 11:37:10,96.03579334858104,34
2024-01-01 11:37:15,96.46134648366468,62
2024-01-01 11:37:20,96.12656875219457,4
2024-01-01 11:37:25,96.05961715921114,35
2024-01-01 11:37:30,96.85547297814053,58
2024-01-01 11:37:35,96.16051776866531,22
2024-01-01 11:37:40,95.720646047175,18
2024-01-01 11:37:45,96.24349551639729,30
2024-01-01 11:37:50,95.57489796831841,89
2024-01-01 11:37:55,94.94475672697845,26
2024-01-01 11:38:00,95.7453021237389,16
2024-01-01 11:38:05,95.48187885749753,8
2024-01-01 11:38:10,96.01159687239449,77
2024-01-01 11:38:15,95.6784131306703,12
2024-01-01 11:38:20,96.02509479354546,9
2024-01-01 11:38:25,95.18254482533774,70
2024-01-01 11:38:30,94.8383077786542,89
2024-01-01 11:38:35,94.47170116491056,11
2024-01-01 11:38:40,93.87679288663807,1
2024-01-01 11:38:45,93.0837529164831,28
2024-01-01 11:38:50,92.80567528353853,65
2024-01-01 11:38:55,92.39262832229994,7
2024-01-01 11:39:00,91.72811522916047,98
2024-01-01 11:39:05,91.73125748995484,43
2024-01-01 11:39:10,92.03503069858077,40
2024-01-01 11:39:15,91.77712824998639,35
2024-01-01 11:39:20,92.12192371916264,81
2024-01-01 11:39:25,91.74551932925483,87
2024-01-01 11:39:30,91.95344239626498,60
2024-01-01 11:39:35,92.04131330444322,70
2024-01-01 11:39:40,91.42781951267119,21
2024-01-01 11:39:45,91.78464309539825,2
2024-01-01 11:39:50,90.93551391578957,40
2024-01-01 11:39:55,91.17984195152242,28
2024-01-01 11:40:00,90.76478656017181,17
2024-01-01 11:40:05,90.55652501175872,94
2024-01-01 11:40:10,89.72681259875166,34
2024-01-01 11:40:15,89.68679379135807,21
2024-01-01 11:40:20,88.94061165235448,11
2024-01-01 11:40:25,88.55508815478807,53
2024-01-01 11:40:30,88.01522552613906,10
2024-01-01 11:40:35,87.62013004072068,63
2024-01-01 11:40:40,87.59731202913993,15
2024-01-01 11:40:45,86.81120460869133,61
2024-01-01 11:40:50,87.08927681013728,62
2024-01-01 11:40:55,87.10818438463652,68
2024-01-01 11:41:00,87.92975189445649,40
2024-01-01 11:41:05,87.79397304636052,72
2024-01-01 11:41:10,88.65836889876927,9
2024-01-01 11:41:15,88.3892695085462,14
2024-01-01 11:41:20,89.01138487207457,21
2024-01-01 11:41:25,89.01671253733247,44
2024-01-01 11:41:30,89.07034266889345,52
2024-01-01 11:41:35,89.52673565708531,20
2024-01-01 11:41:40,90.10548600322225,77
2024-01-01 11:41:45,90.86985576944396,54
2024-01-01 11:41:50,90.73109303447649,38
2024-01-01 11:41:55,90.74219826645164,3
2024-01-01 11:42:00,91.61337622533878,34
2024-01-01 11:42:05,91.34387574049744,68
2024-01-01 11:42:10,90.57419515234993,91
2024-01-01 11:42:15,91.3716056297848,80
2024-01-01 11:42:20,90.79917617575433,97
2024-01-01 11:42:25,91.09297516100133,52
2024-01-01 11:42:30,90.77889190616483,33
2024-01-01 11:42:35,90.19116593694639,86
2024-01-01 11:42:40,89.86876775031807,19
2024-01-01 11:42:45,90.03175823372894,18
2024-01-01 11:42:50,90.3939132572068,40
2024-01-01 11:42:55,90.67171640276436,3
2024-01-01 11:43:00,90.35413769637988,25
2024-01-01 11:43:05,89.7989119359902,5
2024-01-01 11:43:10,89.6247381888601,99
2024-01-01 11:43:15,88.86182267749554,72
2024-01-01 11:43:20,88.65781004525417,53
2024-01-01 11:43:25,89.4595065040915,22
2024-01-01 11:43:30,89.41022069916424,12
2024-01-01 11:43:35,89.01770794289337,29
2024-01-01 11:43:40,88.1814110887862,76
2024-01-01 11:43:45,88.54000757913312,10
2024-01-01 11:43:50,88.92772853292138,35
2024-01-01 11:43:55,89.07201790311868,7
2024-01-01 11:44:00,89.43212827510338,45
2024-01-01 11:44:05,89.50042210616411,52
2024-01-01 11:44:10,89.22888262858534,90
2024-01-01 11:44:15,88.98054948038688,34
2024-01-01 11:44:20,89.74504170844996,97
2024-01-01 11:44:25,89.45365702517229,49
2024-01-01 11:44:30,88.75959089657965,92
2024-01-01 11:44:35,89.50316136362922,97
2024-01-01 11:44:40,90.19282503263769,95
2024-01-01 11:44:45,90.351029159326,14
2024-01-01 11:44:50,89.5987609289215,62
2024-01-01 11:44:55,90.07843444060124,73
2024-01-01 11:45:00,89.84513355678183,5
2024-01-01 11:45:05,89.25096177552005,44
2024-01-01 11:45:10,88.73552689805327,60
2024-01-01 11:45:15,89.50536726605624,60
2024-01-01 11:45:20,89.0325862805308,13
2024-01-01 11:45:25,88.288843910075,16
2024-01-01 11:45:30,87.59219896316186,90
2024-01-01 11:45:35,86.72976047276896,11
2024-01-01 11:45:40,86.95326062628513,42
2024-01-01 11:45:45,87.3159602950499,7
2024-01-01 11:45:50,86.8699562027767,16
2024-01-01 11:45:55,87.36308567354732,3
2024-01-01 11:46:00,87.41614130177685,39
2024-01-01 11:46:05,88.14896125220518,41
2024-01-01 11:46:10,88.39940974195491,60
2024-01-01 11:46:15,88.4630660498373,69
2024-01-01 11:46:20,88.0232722656889,45
2024-01-01 11:46:25,87.80711076316793,62
2024-01-01 11:46:30,87.04723878400344,68
2024-01-01 11:46:35,87.05849193536734,13
